id,name,type,rank,favor,fit_gun,skin,poster,code,bonus_description,description,is_hidden,exp,profile_pic,item_access,detail_introduction,sort
1,马卡洛夫-南瓜熊熊,2,6,50000,8,1,30001,gift_bundle_halloween_PM,可解锁人形换装,在宿舍内赠送给对应人形，可以获得装扮、海报以及好感度奖励。,0,0,0,,,0
2,维克托-猫猫肉垫,2,6,50000,20,2,30002,gift_bundle_halloween_VECTOR,可解锁人形换装,在宿舍内赠送给对应人形，可以获得装扮、海报以及好感度奖励。,0,0,0,,,0
3,MP5-暗夜使魔,2,6,50000,26,3,30003,gift_bundle_halloween_MP5,可解锁人形换装,在宿舍内赠送给对应人形，可以获得装扮、海报以及好感度奖励。,0,0,0,,,0
4,M45-糖果快递,2,6,50000,33,4,30004,gift_bundle_halloween_M45,可解锁人形换装,在宿舍内赠送给对应人形，可以获得装扮、海报以及好感度奖励。,0,0,0,,,0
5,春田-古典派女巫,2,6,50000,36,5,30005,gift_bundle_halloween_M1903,可解锁人形换装,在宿舍内赠送给对应人形，可以获得装扮、海报以及好感度奖励。,0,0,0,,,0
6,WA2000-古堡历险,2,6,50000,48,6,30006,gift_bundle_halloween_WA2000,可解锁人形换装,在宿舍内赠送给对应人形，可以获得装扮、海报以及好感度奖励。,0,0,0,,,0
7,M1919A4-卡蜜拉,2,6,50000,80,7,30007,gift_bundle_halloween_M1919A4,可解锁人形换装,在宿舍内赠送给对应人形，可以获得装扮、海报以及好感度奖励。,0,0,0,,,0
8,MK23-甜心小恶魔,2,6,50000,99,8,30008,gift_bundle_halloween_MK23,可解锁人形换装,在宿舍内赠送给对应人形，可以获得装扮、海报以及好感度奖励。,0,0,0,,,0
9,G11-僵尸家里蹲,2,6,50000,122,9,30009,gift_bundle_halloween_G11,可解锁人形换装,在宿舍内赠送给对应人形，可以获得装扮、海报以及好感度奖励。,0,0,0,,,0
10,李-恩菲尔德-狩猎者礼服,2,6,50000,50,10,30010,gift_bundle_nichijou_MLEMK1,可解锁人形换装,在宿舍内赠送给对应人形，可以获得装扮、海报以及好感度奖励。,0,0,0,,,0
11,64式-异邦魔女,2,6,50000,94,11,30011,gift_bundle_halloween_64type,可解锁人形换装,在宿舍内赠送给对应人形，可以获得装扮、海报以及好感度奖励。,0,0,0,,,0
101,微型乌兹-睡醒的笨蛋,2,6,50000,32,101,30101,gift_bundle_nichijou_Microuzi,可解锁人形换装,在宿舍内赠送给对应人形，可以获得装扮、海报以及好感度奖励。,0,0,0,,,0
102,M1918-兔女郎,2,6,50000,75,102,30102,gift_bundle_nichijou_M1918,可解锁人形换装,在宿舍内赠送给对应人形，可以获得装扮、海报以及好感度奖励。,0,0,0,,,0
103,MP-446-顽劣噪音,2,6,50000,91,103,30103,gift_bundle_nichijou_MP466,可解锁人形换装,在宿舍内赠送给对应人形，可以获得装扮、海报以及好感度奖励。,0,0,0,,,0
104,64式-水襦裙,2,6,50000,94,104,30104,gift_bundle_nichijou_64type,可解锁人形换装,在宿舍内赠送给对应人形，可以获得装扮、海报以及好感度奖励。,0,0,0,,,0
105,灰熊MkⅤ-周末警卫,2,6,50000,96,105,30105,gift_bundle_nichijou_Grizzly,可解锁人形换装,在宿舍内赠送给对应人形，可以获得装扮、海报以及好感度奖励。,0,0,0,,,0
106,M1919A4-派对甜心,2,6,50000,80,106,30106,gift_bundle_nichijou_M1919A4,可解锁人形换装,在宿舍内赠送给对应人形，可以获得装扮、海报以及好感度奖励。,0,0,0,,,0
301,柯尔特左轮-直达星星的愿望,2,6,50000,1,301,30301,gift_bundle_xmas_M1873,可解锁人形换装,在宿舍内赠送给对应人形，可以获得装扮、海报以及好感度奖励。,0,0,0,,,0
302,春田-圣善夜的祝福,2,6,50000,36,302,30302,gift_bundle_xmas_M1903,可解锁人形换装,在宿舍内赠送给对应人形，可以获得装扮、海报以及好感度奖励。,0,0,0,,,0
303,M14-圣诞巡游礼服,2,6,50000,37,303,30303,gift_bundle_xmas_M14,可解锁人形换装,在宿舍内赠送给对应人形，可以获得装扮、海报以及好感度奖励。,0,0,0,,,0
304,M21-圣诞居家礼服,2,6,50000,38,304,30304,gift_bundle_xmas_M21,可解锁人形换装,在宿舍内赠送给对应人形，可以获得装扮、海报以及好感度奖励。,0,0,0,,,0
305,SVD-冬日仙女,2,6,50000,43,305,30305,gift_bundle_xmas_SVD,可解锁人形换装,在宿舍内赠送给对应人形，可以获得装扮、海报以及好感度奖励。,0,0,0,,,0
306,WA2000-雪下赴约者,2,6,50000,48,306,30306,gift_bundle_xmas_WA2000,可解锁人形换装,在宿舍内赠送给对应人形，可以获得装扮、海报以及好感度奖励。,0,0,0,,,0
307,NTW-20-圣诞鹿,2,6,50000,53,307,30307,gift_bundle_xmas_NTW20,可解锁人形换装,在宿舍内赠送给对应人形，可以获得装扮、海报以及好感度奖励。,0,0,0,,,0
308,FAL-冬幕补给行动,2,6,50000,106,308,30308,gift_bundle_xmas_FNFAL,可解锁人形换装,在宿舍内赠送给对应人形，可以获得装扮、海报以及好感度奖励。,0,0,0,,,0
309,MG5-绯红守夜人,2,6,50000,109,309,30309,gift_bundle_xmas_MG5,可解锁人形换装,在宿舍内赠送给对应人形，可以获得装扮、海报以及好感度奖励。,0,0,0,,,0
310,索米-耳朵山的雪妖精,2,6,50000,115,310,30310,gift_bundle_xmas_KP31,可解锁人形换装,在宿舍内赠送给对应人形，可以获得装扮、海报以及好感度奖励。,0,0,0,,,0
401,56-1式-爆竹红,2,6,50000,66,401,30401,gift_bundle_spring_561type,可解锁人形换装,在宿舍内赠送给对应人形，可以获得装扮、海报以及好感度奖励。,0,0,0,,,0
402,MP-446-向阳葵,2,6,50000,91,402,30402,gift_bundle_spring_mp446,可解锁人形换装,在宿舍内赠送给对应人形，可以获得装扮、海报以及好感度奖励。,0,0,0,,,0
403,NZ75-金姬菊,2,6,50000,126,403,30403,gift_bundle_spring_nz75,可解锁人形换装,在宿舍内赠送给对应人形，可以获得装扮、海报以及好感度奖励。,0,0,0,,,0
404,M99-仙客来,2,6,50000,128,404,30404,gift_bundle_spring_m99,可解锁人形换装,在宿舍内赠送给对应人形，可以获得装扮、海报以及好感度奖励。,0,0,0,,,0
405,95式-玉玲珑,2,6,50000,129,405,30405,gift_bundle_spring_95type,可解锁人形换装,在宿舍内赠送给对应人形，可以获得装扮、海报以及好感度奖励。,0,0,0,,,0
406,97式-牡丹魁,2,6,50000,130,406,30406,gift_bundle_spring_97type,可解锁人形换装,在宿舍内赠送给对应人形，可以获得装扮、海报以及好感度奖励。,0,0,0,,,0
407,59式-报春花,2,6,50000,132,407,30407,gift_bundle_spring_59type,可解锁人形换装,在宿舍内赠送给对应人形，可以获得装扮、海报以及好感度奖励。,0,0,0,,,0
408,PTRD-浪漫任务,2,6,50000,42,408,30408,gift_bundle_spring_ptrd,可解锁人形换装,在宿舍内赠送给对应人形，可以获得装扮、海报以及好感度奖励。,0,0,0,,,0
409,"UMP9-""我来晚了?""",2,6,50000,101,409,30409,gift_bundle_spring_ump9,可解锁人形换装,在宿舍内赠送给对应人形，可以获得装扮、海报以及好感度奖励。,0,0,0,,,0
410,"UMP45-""下不为例。""",2,6,50000,103,410,30410,gift_bundle_spring_ump45,可解锁人形换装,在宿舍内赠送给对应人形，可以获得装扮、海报以及好感度奖励。,0,0,0,,,0
411,维尔德MkⅡ-英国恋人,2,6,50000,114,411,30411,gift_bundle_spring_welrod,可解锁人形换装,在宿舍内赠送给对应人形，可以获得装扮、海报以及好感度奖励。,0,0,0,,,0
501,AK-47-战争之王,2,6,50000,58,501,30501,gift_bundle_golden_ak47,可解锁人形换装,在宿舍内赠送给对应人形，可以获得装扮、海报以及好感度奖励。,0,0,0,,,0
502,SV-98-女服务生,2,6,50000,44,502,30502,gift_bundle_maid_sv98,可解锁人形换装,在宿舍内赠送给对应人形，可以获得装扮、海报以及好感度奖励。,0,0,0,,,0
503,诺爱尔-μ-12,2,6,50000,1001,503,30503,gift_bundle_bb_myu12,可解锁人形换装,在宿舍内赠送给对应人形，可以获得装扮、海报以及好感度奖励。,0,0,0,,,0
504,艾尔菲尔特-马格南婚礼,2,6,50000,1002,504,30504,gift_bundle_gg_dress_elphelt,可解锁人形换装,在宿舍内赠送给对应人形，可以获得装扮、海报以及好感度奖励。,0,0,0,,,0
505,艾尔菲尔特-人偶歼灭者,2,6,50000,1002,505,30505,gift_bundle_gg_blood_elphelt,可解锁人形换装,在宿舍内赠送给对应人形，可以获得装扮、海报以及好感度奖励。,0,0,0,,,0
506,琪亚娜-琪亚娜的礼装,2,6,50000,1003,506,30506,gift_bundle_GGSD_Kiana,可解锁人形换装,在宿舍内赠送给对应人形，可以获得装扮、海报以及好感度奖励。,0,0,0,,,0
507,布洛妮娅-布洛妮娅的装甲,2,6,50000,1005,507,30507,gift_bundle_GGSD_Bronya,可解锁人形换装,在宿舍内赠送给对应人形，可以获得装扮、海报以及好感度奖励。,0,0,0,,,0
508,希儿-希儿的祭礼,2,6,50000,1008,508,30508,gift_bundle_GGSD_Seele,可解锁人形换装,在宿舍内赠送给对应人形，可以获得装扮、海报以及好感度奖励。,0,0,0,,,0
509,克莉尔-口袋城女王二世,2,6,50000,1009,509,30509,gift_bundle_djmax_clear,可解锁人形换装,在宿舍内赠送给对应人形，可以获得装扮、海报以及好感度奖励。,0,0,0,,,0
510,菲尔-口袋城女王三世,2,6,50000,1010,510,30510,gift_bundle_djmax_fail,可解锁人形换装,在宿舍内赠送给对应人形，可以获得装扮、海报以及好感度奖励。,0,0,0,,,0
521,UMP45-冬之旅,2,6,50000,103,521,30521,gift_bundle_Pizex19_UMP45,可解锁人形换装,在宿舍内赠送给对应人形，可以获得装扮、海报以及好感度奖励。,0,0,0,,,0
522,SPAS-12-宪兵乐手,2,6,50000,162,522,30522,gift_bundle_sdjver2_SPAS12,可解锁人形换装,在宿舍内赠送给对应人形，可以获得装扮、海报以及好感度奖励。,0,0,0,,,0
523,GSh-18-行走的手术台,2,6,50000,221,523,30523,gift_bundle_comics10_GSH18,可解锁人形换装,在宿舍内赠送给对应人形，可以获得装扮、海报以及好感度奖励。,0,0,0,,,0
524,史黛拉·星井-挚友的铠甲,2,6,50000,1020,524,30524,gift_bundle_sbld19_Stella,可解锁人形换装,在宿舍内赠送给对应人形，可以获得装扮、海报以及好感度奖励。,0,0,0,,,0
525,多萝西·海兹-珍稀圣诞礼服,2,6,50000,1019,525,30525,gift_bundle_sbld19_Dorothy,可解锁人形换装,在宿舍内赠送给对应人形，可以获得装扮、海报以及好感度奖励。,0,0,0,,,0
526,达娜·赞恩-赤色彗星,2,6,50000,1022,526,30526,gift_bundle_sbld19_Dana,可解锁人形换装,在宿舍内赠送给对应人形，可以获得装扮、海报以及好感度奖励。,0,0,0,,,0
527,赛伊·朝雾-挚友的便装,2,6,50000,1018,527,30527,gift_bundle_sbld19_SEI,可解锁人形换装,在宿舍内赠送给对应人形，可以获得装扮、海报以及好感度奖励。,0,0,0,,,0
528,阿尔玛·阿玛斯-中学大冒险,2,6,50000,1021,528,30528,gift_bundle_sbld19_Alma,可解锁人形换装,在宿舍内赠送给对应人形，可以获得装扮、海报以及好感度奖励。,0,0,0,,,0
529,吉尔·斯汀雷-模特战士,2,6,50000,1017,529,30529,gift_bundle_sbld19_Jill,可解锁人形换装,在宿舍内赠送给对应人形，可以获得装扮、海报以及好感度奖励。,0,0,0,,,0
530,M4A1-少女的气球漫游记,2,6,50000,55,530,30530,gift_bundle_Carnival2020_M4A1,可解锁人形换装,在宿舍内赠送给对应人形，可以获得装扮、海报以及好感度奖励。,0,0,0,,,0
531,M4 SOPMODII-被守护的宠爱者,2,6,50000,56,531,30531,gift_bundle_Carnival2020_M4 SOPMOD II,可解锁人形换装,在宿舍内赠送给对应人形，可以获得装扮、海报以及好感度奖励。,0,0,0,,,0
532,ST AR-15-飘向花海的礼帽,2,6,50000,57,532,30532,gift_bundle_Carnival2020_AR15,可解锁人形换装,在宿舍内赠送给对应人形，可以获得装扮、海报以及好感度奖励。,0,0,0,,,0
533,M16A1-独眼的白兔骑士,2,6,50000,54,533,30533,gift_bundle_Carnival2020_M16A1,可解锁人形换装,在宿舍内赠送给对应人形，可以获得装扮、海报以及好感度奖励。,0,0,0,,,0
534,RO635-稻田里的守护者,2,6,50000,143,534,30534,gift_bundle_Carnival2020_RO635,可解锁人形换装,在宿舍内赠送给对应人形，可以获得装扮、海报以及好感度奖励。,0,0,0,,,0
535,UMP45-逐愿的礼花魔法师,2,6,50000,103,535,30535,gift_bundle_Carnival2020_UMP45,可解锁人形换装,在宿舍内赠送给对应人形，可以获得装扮、海报以及好感度奖励。,0,0,0,,,0
536,UMP9-偿愿的礼花魔法师,2,6,50000,101,536,30536,gift_bundle_Carnival2020_UMP9,可解锁人形换装,在宿舍内赠送给对应人形，可以获得装扮、海报以及好感度奖励。,0,0,0,,,0
537,HK416-千宵草味的锡纸糖,2,6,50000,65,537,30537,gift_bundle_Carnival2020_HK416,可解锁人形换装,在宿舍内赠送给对应人形，可以获得装扮、海报以及好感度奖励。,0,0,0,,,0
538,G11-寻找勇气的雷克斯兔,2,6,50000,122,538,30538,gift_bundle_Carnival2020_G11,可解锁人形换装,在宿舍内赠送给对应人形，可以获得装扮、海报以及好感度奖励。,0,0,0,,,0
539,UMP40-守望心愿的暗影女巫,2,6,50000,102,539,30539,gift_bundle_Carnival2020_UMP40,可解锁人形换装,在宿舍内赠送给对应人形，可以获得装扮、海报以及好感度奖励。,0,0,0,,,0
540,AK-12-极昼微光,2,6,50000,206,540,30540,gift_bundle_chy2020SP_AK12,可解锁人形换装,在宿舍内赠送给对应人形，可以获得装扮、海报以及好感度奖励。,0,0,0,,,0
541,崔耶拉-暗影行动,2,6,50000,1025,541,30541,gift_bundle_Gunslinger_Triela,可解锁人形换装,在宿舍内赠送给对应人形，可以获得装扮、海报以及好感度奖励。,0,0,0,,,0
542,莉可-自由餐厅,2,6,50000,1024,542,30542,gift_bundle_Gunslinger_Rico,可解锁人形换装,在宿舍内赠送给对应人形，可以获得装扮、海报以及好感度奖励。,0,0,0,,,0
543,安洁莉卡-童话起点,2,6,50000,1027,543,30543,gift_bundle_Gunslinger_Angelica,可解锁人形换装,在宿舍内赠送给对应人形，可以获得装扮、海报以及好感度奖励。,0,0,0,,,0
544,海莉艾塔-月神假日,2,6,50000,1023,544,30544,gift_bundle_Gunslinger_Henrietta,可解锁人形换装,在宿舍内赠送给对应人形，可以获得装扮、海报以及好感度奖励。,0,0,0,,,0
545,库拉耶丝-晨风庭园,2,6,50000,1026,545,30545,gift_bundle_Gunslinger_Claes,可解锁人形换装,在宿舍内赠送给对应人形，可以获得装扮、海报以及好感度奖励。,0,0,0,,,0
546,特工416-曼岛之盾,2,6,50000,1029,546,30546,gift_bundle_Division_HK416Agent,可解锁人形换装,在宿舍内赠送给对应人形，可以获得装扮、海报以及好感度奖励。,0,0,0,,,0
547,特工维克托-浴火凛锋,2,6,50000,1028,547,30547,gift_bundle_Division_VectorAgent,可解锁人形换装,在宿舍内赠送给对应人形，可以获得装扮、海报以及好感度奖励。,0,0,0,,,0
548,HK416-獠牙,2,6,50000,65,548,30548,gift_bundle_Division_HK416,可解锁人形换装,在宿舍内赠送给对应人形，可以获得装扮、海报以及好感度奖励。,0,0,0,,,0
549,维克托-地狱火,2,6,50000,20,549,30549,gift_bundle_Division_Vector,可解锁人形换装,在宿舍内赠送给对应人形，可以获得装扮、海报以及好感度奖励。,0,0,0,,,0
550,M4A1-松间曦光,2,6,50000,55,550,30550,gift_bundle_Carnival2021_M4A1,可解锁人形换装,在宿舍内赠送给对应人形，可以获得装扮、海报以及好感度奖励。,0,0,0,,,0
551,M4 SOPMODII-深林鸣音,2,6,50000,56,551,30551,gift_bundle_Carnival2021_M4 SOPMOD II,可解锁人形换装,在宿舍内赠送给对应人形，可以获得装扮、海报以及好感度奖励。,0,0,0,,,0
552,ST AR-15-春日幻风,2,6,50000,57,552,30552,gift_bundle_Carnival2021_AR15,可解锁人形换装,在宿舍内赠送给对应人形，可以获得装扮、海报以及好感度奖励。,0,0,0,,,0
553,M16A1-墟上烈阳,2,6,50000,54,553,30553,gift_bundle_Carnival2021_M16A1,可解锁人形换装,在宿舍内赠送给对应人形，可以获得装扮、海报以及好感度奖励。,0,0,0,,,0
554,RO635-水中融月,2,6,50000,143,554,30554,gift_bundle_Carnival2021_RO635,可解锁人形换装,在宿舍内赠送给对应人形，可以获得装扮、海报以及好感度奖励。,0,0,0,,,0
555,UMP45-旋转彭罗斯,2,6,50000,103,555,30555,gift_bundle_Carnival2021_UMP45,可解锁人形换装,在宿舍内赠送给对应人形，可以获得装扮、海报以及好感度奖励。,0,0,0,,,0
556,UMP9-波莱罗舞雀,2,6,50000,101,556,30556,gift_bundle_Carnival2021_UMP9,可解锁人形换装,在宿舍内赠送给对应人形，可以获得装扮、海报以及好感度奖励。,0,0,0,,,0
557,HK416-敲击波丽露,2,6,50000,65,557,30557,gift_bundle_Carnival2021_HK416,可解锁人形换装,在宿舍内赠送给对应人形，可以获得装扮、海报以及好感度奖励。,0,0,0,,,0
558,G11-混乱交响曲,2,6,50000,122,558,30558,gift_bundle_Carnival2021_G11,可解锁人形换装,在宿舍内赠送给对应人形，可以获得装扮、海报以及好感度奖励。,0,0,0,,,0
559,UMP40-克莱因间奏,2,6,50000,102,559,30559,gift_bundle_Carnival2021_UMP40,可解锁人形换装,在宿舍内赠送给对应人形，可以获得装扮、海报以及好感度奖励。,0,0,0,,,0
560,M200-庄严行进,2,6,50000,257,560,30560,gift_bundle_Carnival2021_M200,可解锁人形换装,在宿舍内赠送给对应人形，可以获得装扮、海报以及好感度奖励。,0,0,0,,,0
561,AUG SMG-十号小夜曲,2,6,50000,315,561,30561,gift_bundle_Carnival2021_AUGPARA,可解锁人形换装,在宿舍内赠送给对应人形，可以获得装扮、海报以及好感度奖励。,0,0,0,,,0
562,VHS-谐谑天鹅湖,2,6,50000,318,562,30562,gift_bundle_Carnival2021_VHS,可解锁人形换装,在宿舍内赠送给对应人形，可以获得装扮、海报以及好感度奖励。,0,0,0,,,0
563,刘氏步枪-悠思之晨,2,6,50000,316,563,30563,gift_bundle_Carnival2021_GeneralLiu,可解锁人形换装,在宿舍内赠送给对应人形，可以获得装扮、海报以及好感度奖励。,0,0,0,,,0
564,SL8-即兴狂想乐,2,6,50000,296,564,30564,gift_bundle_Carnival2021_SL8,可解锁人形换装,在宿舍内赠送给对应人形，可以获得装扮、海报以及好感度奖励。,0,0,0,,,0
565,G36-光辉守望者,2,6,50000,64,565,30565,gift_bundle_Carnival2021_G36,可解锁人形换装,在宿舍内赠送给对应人形，可以获得装扮、海报以及好感度奖励。,0,0,0,,,0
566,QBU-88-晨光欧蕾,2,6,50000,261,566,30566,gift_bundle_Lawson2021_QBU88,可解锁人形换装,在宿舍内赠送给对应人形，可以获得装扮、海报以及好感度奖励。,0,0,0,,,0
567,邪神酱-墨鸽爵士,2,6,50000,1030,567,30567,gift_bundle_Dropkick2021_Jashinchan,可解锁人形换装,在宿舍内赠送给对应人形，可以获得装扮、海报以及好感度奖励。,0,0,0,,,0
568,花园百合铃-恶魔在身边,2,6,50000,1033,568,30568,gift_bundle_Dropkick2021_Yurine,可解锁人形换装,在宿舍内赠送给对应人形，可以获得装扮、海报以及好感度奖励。,0,0,0,,,0
569,美杜莎-浓情生巧职人,2,6,50000,1032,569,30569,gift_bundle_Dropkick2021_Medusa,可解锁人形换装,在宿舍内赠送给对应人形，可以获得装扮、海报以及好感度奖励。,0,0,0,,,0
570,佩可拉-打工吧！天使大人,2,6,50000,1031,570,30570,gift_bundle_Dropkick2021_Pekora,可解锁人形换装,在宿舍内赠送给对应人形，可以获得装扮、海报以及好感度奖励。,0,0,0,,,0
571,米诺斯-湖畔对饮夜,2,6,50000,1034,571,30571,gift_bundle_Dropkick2021_Minosu,可解锁人形换装,在宿舍内赠送给对应人形，可以获得装扮、海报以及好感度奖励。,0,0,0,,,0
572,G11-秋眠·随想Ⅺ,2,6,50000,122,572,30572,gift_bundle_2021Double11_G11,可解锁人形换装,在宿舍内赠送给对应人形，可以获得装扮、海报以及好感度奖励。,0,0,0,,,0
573,Z-62-午后闲弈,2,6,50000,116,573,30573,gift_bundle_ChessBonus_Z62,可解锁人形换装,在宿舍内赠送给对应人形，可以获得装扮、海报以及好感度奖励。,0,0,0,,,0
574,M4 SOPMODII-回魂修理师Jr,2,6,50000,56,574,30574,gift_bundle_AprilFool2022_M4 SOPMOD II,可解锁人形换装,在宿舍内赠送给对应人形，可以获得装扮、海报以及好感度奖励。,0,0,0,,,0
601,托卡列夫-两人的旅程,2,6,50000,6,601,30601,gift_bundle_wedding_tt33,可解锁人形换装,在宿舍内赠送给对应人形，可以获得装扮、海报以及好感度奖励。,0,0,0,,,0
602,PPsh-41-契约时刻,2,6,50000,21,602,30602,gift_bundle_wedding_ppsh41,可解锁人形换装,在宿舍内赠送给对应人形，可以获得装扮、海报以及好感度奖励。,0,0,0,,,0
603,司登MkⅡ-被回应的心意,2,6,50000,29,603,30603,gift_bundle_wedding_stenmkii,可解锁人形换装,在宿舍内赠送给对应人形，可以获得装扮、海报以及好感度奖励。,0,0,0,,,0
604,李-恩菲尔德-毕生守护,2,6,50000,50,604,30604,gift_bundle_wedding_mlemk1,可解锁人形换装,在宿舍内赠送给对应人形，可以获得装扮、海报以及好感度奖励。,0,0,0,,,0
605,PK-与您同在,2,6,50000,85,605,30605,gift_bundle_wedding_pk,可解锁人形换装,在宿舍内赠送给对应人形，可以获得装扮、海报以及好感度奖励。,0,0,0,,,0
606,P7-掌心约定,2,6,50000,100,606,30606,gift_bundle_wedding_p7,可解锁人形换装,在宿舍内赠送给对应人形，可以获得装扮、海报以及好感度奖励。,0,0,0,,,0
607,FAL-最重要的日子,2,6,50000,106,607,30607,gift_bundle_wedding_fal,可解锁人形换装,在宿舍内赠送给对应人形，可以获得装扮、海报以及好感度奖励。,0,0,0,,,0
701,ST AR-15-返校季,2,6,50000,57,701,30701,gift_bundle_serafuku_ar15,可解锁人形换装,在宿舍内赠送给对应人形，可以获得装扮、海报以及好感度奖励。,0,0,0,,,0
702,M950A-王牌值日生,2,6,50000,97,702,30702,gift_bundle_serafuku_m950a,可解锁人形换装,在宿舍内赠送给对应人形，可以获得装扮、海报以及好感度奖励。,0,0,0,,,0
703,MG4-生存社员,2,6,50000,125,703,30703,gift_bundle_serafuku_mg4,可解锁人形换装,在宿舍内赠送给对应人形，可以获得装扮、海报以及好感度奖励。,0,0,0,,,0
704,6P62-战斗水手,2,6,50000,138,704,30704,gift_bundle_serafuku_6p62,可解锁人形换装,在宿舍内赠送给对应人形，可以获得装扮、海报以及好感度奖励。,0,0,0,,,0
801,蝎式-深红的星途,2,6,50000,27,801,30801,gift_bundle_dress_vz61,可解锁人形换装,在宿舍内赠送给对应人形，可以获得装扮、海报以及好感度奖励。,0,0,0,,,0
802,春田-灯火下的女王,2,6,50000,36,802,30802,gift_bundle_dress_m1903,可解锁人形换装,在宿舍内赠送给对应人形，可以获得装扮、海报以及好感度奖励。,0,0,0,,,0
803,莫辛-纳甘-月之海,2,6,50000,39,803,30803,gift_bundle_dress_m1891,可解锁人形换装,在宿舍内赠送给对应人形，可以获得装扮、海报以及好感度奖励。,0,0,0,,,0
804,WA2000-舞会休止符,2,6,50000,48,804,30804,gift_bundle_dress_wa2000,可解锁人形换装,在宿舍内赠送给对应人形，可以获得装扮、海报以及好感度奖励。,0,0,0,,,0
805,HK416-星之茧,2,6,50000,65,805,30805,gift_bundle_dress_hk416,可解锁人形换装,在宿舍内赠送给对应人形，可以获得装扮、海报以及好感度奖励。,0,0,0,,,0
806,M1918-绸缪夜曲,2,6,50000,75,806,30806,gift_bundle_dress_m1918,可解锁人形换装,在宿舍内赠送给对应人形，可以获得装扮、海报以及好感度奖励。,0,0,0,,,0
807,SR-3MP-黑兔玛奇朵,2,6,50000,135,807,30807,gift_bundle_dress_sr3mp,可解锁人形换装,在宿舍内赠送给对应人形，可以获得装扮、海报以及好感度奖励。,0,0,0,,,0
808,M950A-祭典强音！,2,6,50000,97,808,30808,gift_bundle_dress_m950a,可解锁人形换装,在宿舍内赠送给对应人形，可以获得装扮、海报以及好感度奖励。,0,0,0,,,0
901,李-恩菲尔德-洋葱枪手,2,6,50000,50,901,30901,gift_bundle_childrensday_MLEMK1,可解锁人形换装,在宿舍内赠送给对应人形，可以获得装扮、海报以及好感度奖励。,0,0,0,,,0
902,MP40-拇指公主,2,6,50000,25,902,30902,gift_bundle_childrensday_MP40,可解锁人形换装,在宿舍内赠送给对应人形，可以获得装扮、海报以及好感度奖励。,0,0,0,,,0
903,灰熊MkⅤ-变身！泰迪熊！,2,6,50000,96,903,30903,gift_bundle_childrensday_Grizzly,可解锁人形换装,在宿舍内赠送给对应人形，可以获得装扮、海报以及好感度奖励。,0,0,0,,,0
904,内格夫-小流浪家,2,6,50000,112,904,30904,gift_bundle_childrensday_NEGEV,可解锁人形换装,在宿舍内赠送给对应人形，可以获得装扮、海报以及好感度奖励。,0,0,0,,,0
905,G36-小小招待员,2,6,50000,64,905,30905,gift_bundle_childrensday_G36,可解锁人形换装,在宿舍内赠送给对应人形，可以获得装扮、海报以及好感度奖励。,0,0,0,,,0
1101,NTW-20-骄阳任务,2,6,50000,53,1101,31101,gift_bundle_swimsuit_NTW20,可解锁人形换装,在宿舍内赠送给对应人形，可以获得装扮、海报以及好感度奖励。,0,0,0,,,0
1102,95式-夏鸣蝉,2,6,50000,129,1102,31102,gift_bundle_swimsuit_95type,可解锁人形换装,在宿舍内赠送给对应人形，可以获得装扮、海报以及好感度奖励。,0,0,0,,,0
1103,索米-仲夏夜的精灵,2,6,50000,115,1103,31103,gift_bundle_swimsuit_KP31,可解锁人形换装,在宿舍内赠送给对应人形，可以获得装扮、海报以及好感度奖励。,0,0,0,,,0
1104,G28-热带风暴,2,6,50000,146,1104,31104,gift_bundle_swimsuit_G28,可解锁人形换装,在宿舍内赠送给对应人形，可以获得装扮、海报以及好感度奖励。,0,0,0,,,0
1105,M37-盛夏巡礼者,2,6,50000,153,1105,31105,gift_bundle_swimsuit_Ithaca37,可解锁人形换装,在宿舍内赠送给对应人形，可以获得装扮、海报以及好感度奖励。,0,0,0,,,0
1106,M1加兰德-沙滩公主,2,6,50000,34,1106,31106,gift_bundle_swimsuit_M1,可解锁人形换装,在宿舍内赠送给对应人形，可以获得装扮、海报以及好感度奖励。,0,0,0,,,0
1107,春田-睡醒的人鱼,2,6,50000,36,1107,31107,gift_bundle_swimsuit_M1903,可解锁人形换装,在宿舍内赠送给对应人形，可以获得装扮、海报以及好感度奖励。,0,0,0,,,0
1108,WA2000-魔鬼鱼行动,2,6,50000,48,1108,31108,gift_bundle_swimsuit_WA2000,可解锁人形换装,在宿舍内赠送给对应人形，可以获得装扮、海报以及好感度奖励。,0,0,0,,,0
1109,FN-57-游轮女王,2,6,50000,142,1109,31109,gift_bundle_swimsuit_FN57,可解锁人形换装,在宿舍内赠送给对应人形，可以获得装扮、海报以及好感度奖励。,0,0,0,,,0
1201,PKP-花与水,2,6,50000,173,1201,31201,gift_bundle_yukata_pkp,可解锁人形换装,在宿舍内赠送给对应人形，可以获得装扮、海报以及好感度奖励。,0,0,0,,,0
1202,G36C-夏天·烟火·向阳之诗,2,6,50000,104,1202,31202,gift_bundle_yukata_G36C,可解锁人形换装,在宿舍内赠送给对应人形，可以获得装扮、海报以及好感度奖励。,0,0,0,,,0
1203,OTs-14-樱吹雪,2,6,50000,119,1203,31203,gift_bundle_yukata_OTs14,可解锁人形换装,在宿舍内赠送给对应人形，可以获得装扮、海报以及好感度奖励。,0,0,0,,,0
1204,KLIN-三羽乌,2,6,50000,177,1204,31204,gift_bundle_yukata_KLIN,可解锁人形换装,在宿舍内赠送给对应人形，可以获得装扮、海报以及好感度奖励。,0,0,0,,,0
1205,MP5-花未眠,2,6,50000,26,1205,31205,gift_bundle_yukata_MP5,可解锁人形换装,在宿舍内赠送给对应人形，可以获得装扮、海报以及好感度奖励。,0,0,0,,,0
1301,M249 SAW-北极狐,2,6,50000,79,1301,31301,gift_bundle_leisurewear_M249SAW,可解锁人形换装,在宿舍内赠送给对应人形，可以获得装扮、海报以及好感度奖励。,0,0,0,,,0
1302,9A-91-子弹咖啡馆,2,6,50000,118,1302,31302,gift_bundle_leisurewear_9A91,可解锁人形换装,在宿舍内赠送给对应人形，可以获得装扮、海报以及好感度奖励。,0,0,0,,,0
1303,G3-战地糕点师,2,6,50000,63,1303,31303,gift_bundle_leisurewear_G3,可解锁人形换装,在宿舍内赠送给对应人形，可以获得装扮、海报以及好感度奖励。,0,0,0,,,0
1304,MG3-假日街景,2,6,50000,88,1304,31304,gift_bundle_leisurewear_MG3,可解锁人形换装,在宿舍内赠送给对应人形，可以获得装扮、海报以及好感度奖励。,0,0,0,,,0
1305,TAR-21-酒吧之夜,2,6,50000,72,1305,31305,gift_bundle_leisurewear_TAR21,可解锁人形换装,在宿舍内赠送给对应人形，可以获得装扮、海报以及好感度奖励。,0,0,0,,,0
1401,维尔德MkⅡ-暗影之王,2,6,50000,114,1401,31401,gift_bundle_halloween2_Welrod,可解锁人形换装,在宿舍内赠送给对应人形，可以获得装扮、海报以及好感度奖励。,0,0,0,,,0
1402,79式-青丘狐,2,6,50000,127,1402,31402,gift_bundle_halloween2_79type,可解锁人形换装,在宿舍内赠送给对应人形，可以获得装扮、海报以及好感度奖励。,0,0,0,,,0
1403,IWS 2000-第七封印者,2,6,50000,148,1403,31403,gift_bundle_halloween2_IWS2000,可解锁人形换装,在宿舍内赠送给对应人形，可以获得装扮、海报以及好感度奖励。,0,0,0,,,0
1404,P7-魔枪修女,2,6,50000,100,1404,31404,gift_bundle_halloween2_P7,可解锁人形换装,在宿舍内赠送给对应人形，可以获得装扮、海报以及好感度奖励。,0,0,0,,,0
1405,喷火-最后的爱丽丝,2,6,50000,168,1405,31405,gift_bundle_halloween2_Spitfire,可解锁人形换装,在宿舍内赠送给对应人形，可以获得装扮、海报以及好感度奖励。,0,0,0,,,0
1406,FNC-偷走重要的糖果,2,6,50000,70,1406,31406,gift_bundle_halloween2_FNFNC,可解锁人形换装,在宿舍内赠送给对应人形，可以获得装扮、海报以及好感度奖励。,0,0,0,,,0
1407,S-SASS-狼行者,2,6,50000,124,1407,31407,gift_bundle_halloween2_SuperSASS,可解锁人形换装,在宿舍内赠送给对应人形，可以获得装扮、海报以及好感度奖励。,0,0,0,,,0
1501,汤姆森-恶魔猎人,2,6,50000,16,1501,31501,gift_bundle_manwear_M1928A1,可解锁人形换装,在宿舍内赠送给对应人形，可以获得装扮、海报以及好感度奖励。,0,0,0,,,0
1502,竞争者-歌剧魅影,2,6,50000,183,1502,31502,gift_bundle_manwear_Contender,可解锁人形换装,在宿舍内赠送给对应人形，可以获得装扮、海报以及好感度奖励。,0,0,0,,,0
1503,PKP-淑女密令,2,6,50000,173,1503,31503,gift_bundle_manwear_PKP,可解锁人形换装,在宿舍内赠送给对应人形，可以获得装扮、海报以及好感度奖励。,0,0,0,,,0
1504,MG5-荒野猎人,2,6,50000,109,1504,31504,gift_bundle_manwear_MG5,可解锁人形换装,在宿舍内赠送给对应人形，可以获得装扮、海报以及好感度奖励。,0,0,0,,,0
1505,AEK-999-极道车神,2,6,50000,149,1505,31505,gift_bundle_manwear_AEK999,可解锁人形换装,在宿舍内赠送给对应人形，可以获得装扮、海报以及好感度奖励。,0,0,0,,,0
1506,PzB39-爆裂骑手,2,6,50000,180,1506,31506,gift_bundle_manwear_PzB39,可解锁人形换装,在宿舍内赠送给对应人形，可以获得装扮、海报以及好感度奖励。,0,0,0,,,0
1507,G36-“调酒师”,2,6,50000,64,1507,31507,gift_bundle_manwear_G36,可解锁人形换装,在宿舍内赠送给对应人形，可以获得装扮、海报以及好感度奖励。,0,0,0,,,0
1601,RFB-RFB偷走圣诞节,2,6,50000,172,1601,31601,gift_bundle_xmas2_RFB,可解锁人形换装,在宿舍内赠送给对应人形，可以获得装扮、海报以及好感度奖励。,0,0,0,,,0
1602,G11-我最美丽的礼物,2,6,50000,122,1602,31602,gift_bundle_xmas2_G11,可解锁人形换装,在宿舍内赠送给对应人形，可以获得装扮、海报以及好感度奖励。,0,0,0,,,0
1603,Zas M21-献上枪声的雪姑娘,2,6,50000,196,1603,31603,gift_bundle_xmas2_ZastavaM21,可解锁人形换装,在宿舍内赠送给对应人形，可以获得装扮、海报以及好感度奖励。,0,0,0,,,0
1604,CZ75-凛冬采集者,2,6,50000,166,1604,31604,gift_bundle_xmas2_CZ75,可解锁人形换装,在宿舍内赠送给对应人形，可以获得装扮、海报以及好感度奖励。,0,0,0,,,0
1605,阿梅利-卖礼物的圣诞树,2,6,50000,185,1605,31605,gift_bundle_xmas2_Ameli,可解锁人形换装,在宿舍内赠送给对应人形，可以获得装扮、海报以及好感度奖励。,0,0,0,,,0
1606,M1918-如你所愿的圣诞,2,6,50000,75,1606,31606,gift_bundle_xmas2_M1918,可解锁人形换装,在宿舍内赠送给对应人形，可以获得装扮、海报以及好感度奖励。,0,0,0,,,0
1608,OTs-44-森林里的小驯鹿,2,6,50000,145,1608,31608,gift_bundle_xmas2_OC44,可解锁人形换装,在宿舍内赠送给对应人形，可以获得装扮、海报以及好感度奖励。,0,0,0,,,0
1701,M99-兔子班,2,6,50000,128,1701,31701,gift_bundle_leisurewear2_M99,可解锁人形换装,在宿舍内赠送给对应人形，可以获得装扮、海报以及好感度奖励。,0,0,0,,,0
1702,NZ75-ThanX！&Go2Hell！,2,6,50000,126,1702,31702,gift_bundle_leisurewear2_NZ75,可解锁人形换装,在宿舍内赠送给对应人形，可以获得装扮、海报以及好感度奖励。,0,0,0,,,0
1703,SPP-1-拥抱粉雪,2,6,50000,98,1703,31703,gift_bundle_leisurewear2_SPP1,可解锁人形换装,在宿舍内赠送给对应人形，可以获得装扮、海报以及好感度奖励。,0,0,0,,,0
1704,超级肖蒂-异乡的十字路口,2,6,50000,156,1704,31704,gift_bundle_leisurewear2_SUPERSHORTY,可解锁人形换装,在宿舍内赠送给对应人形，可以获得装扮、海报以及好感度奖励。,0,0,0,,,0
1705,RMB-93-星之彼岸,2,6,50000,159,1705,31705,gift_bundle_leisurewear2_RMB93,可解锁人形换装,在宿舍内赠送给对应人形，可以获得装扮、海报以及好感度奖励。,0,0,0,,,0
1801,DSR-50-红牡丹,2,6,50000,179,1801,31801,gift_bundle_newyear2_DSR50,可解锁人形换装,在宿舍内赠送给对应人形，可以获得装扮、海报以及好感度奖励。,0,0,0,,,0
1802,S.A.T.8-梅花印,2,6,50000,188,1802,31802,gift_bundle_newyear2_SAT8,可解锁人形换装,在宿舍内赠送给对应人形，可以获得装扮、海报以及好感度奖励。,0,0,0,,,0
1803,ART556-莲花白,2,6,50000,175,1803,31803,gift_bundle_newyear2_ART556,可解锁人形换装,在宿舍内赠送给对应人形，可以获得装扮、海报以及好感度奖励。,0,0,0,,,0
1804,JS05-玉帘草,2,6,50000,192,1804,31804,gift_bundle_newyear2_JS05,可解锁人形换装,在宿舍内赠送给对应人形，可以获得装扮、海报以及好感度奖励。,0,0,0,,,0
1805,Mk23-蜂糖花,2,6,50000,99,1805,31805,gift_bundle_newyear2_MK23,可解锁人形换装,在宿舍内赠送给对应人形，可以获得装扮、海报以及好感度奖励。,0,0,0,,,0
1806,M590-雪朝颜,2,6,50000,155,1806,31806,gift_bundle_newyear2_M590,可解锁人形换装,在宿舍内赠送给对应人形，可以获得装扮、海报以及好感度奖励。,0,0,0,,,0
1807,八一式马-白山茶,2,6,50000,174,1807,31807,gift_bundle_newyear2_81typeR,可解锁人形换装,在宿舍内赠送给对应人形，可以获得装扮、海报以及好感度奖励。,0,0,0,,,0
1808,LWMMG-黄星蓟,2,6,50000,81,1808,31808,gift_bundle_newyear2_LWMMG,可解锁人形换装,在宿舍内赠送给对应人形，可以获得装扮、海报以及好感度奖励。,0,0,0,,,0
1809,汉阳造88式-东湖莲,2,6,50000,95,1809,31809,gift_bundle_newyear2_88type,可解锁人形换装,在宿舍内赠送给对应人形，可以获得装扮、海报以及好感度奖励。,0,0,0,,,0
1901,维克托-盲信者,2,6,50000,20,1901,31901,gift_bundle_wedding2_Vector,可解锁人形换装,在宿舍内赠送给对应人形，可以获得装扮、海报以及好感度奖励。,0,0,0,,,0
1902,FN-57-被接纳的笑容,2,6,50000,142,1902,31902,gift_bundle_wedding2_FN57,可解锁人形换装,在宿舍内赠送给对应人形，可以获得装扮、海报以及好感度奖励。,0,0,0,,,0
1903,MP5-小小的一步,2,6,50000,26,1903,31903,gift_bundle_wedding2_MP5,可解锁人形换装,在宿舍内赠送给对应人形，可以获得装扮、海报以及好感度奖励。,0,0,0,,,0
1904,G36-纯白矢车菊,2,6,50000,64,1904,31904,gift_bundle_wedding2_G36,可解锁人形换装,在宿舍内赠送给对应人形，可以获得装扮、海报以及好感度奖励。,0,0,0,,,0
1905,56-1式-同心千千结,2,6,50000,66,1905,31905,gift_bundle_wedding2_56-1type,可解锁人形换装,在宿舍内赠送给对应人形，可以获得装扮、海报以及好感度奖励。,0,0,0,,,0
1906,SV-98-命中红心！,2,6,50000,44,1906,31906,gift_bundle_wedding2_SV98,可解锁人形换装,在宿舍内赠送给对应人形，可以获得装扮、海报以及好感度奖励。,0,0,0,,,0
2001,K2-远东公主,2,6,50000,194,2001,32001,gift_bundle_mzf_k2,可解锁人形换装,在宿舍内赠送给对应人形，可以获得装扮、海报以及好感度奖励。,0,0,0,,,0
2002,K5-穹顶月光,2,6,50000,212,2002,32002,gift_bundle_mzf_k5,可解锁人形换装,在宿舍内赠送给对应人形，可以获得装扮、海报以及好感度奖励。,0,0,0,,,0
2003,KLIN-凛冬将逝,2,6,50000,177,2003,32003,gift_bundle_mzf_klin,可解锁人形换装,在宿舍内赠送给对应人形，可以获得装扮、海报以及好感度奖励。,0,0,0,,,0
2004,63式-玄黄之鸑鷟,2,6,50000,133,2004,32004,gift_bundle_mzf_63type,可解锁人形换装,在宿舍内赠送给对应人形，可以获得装扮、海报以及好感度奖励。,0,0,0,,,0
2101,DSR-50-最高出价,2,6,50000,179,2101,32101,gift_bundle_znq_DSR50,可解锁人形换装,在宿舍内赠送给对应人形，可以获得装扮、海报以及好感度奖励。,0,0,0,,,0
2102,灰熊MkⅤ-星夜舞会,2,6,50000,96,2102,32102,gift_bundle_znq_Grizzly,可解锁人形换装,在宿舍内赠送给对应人形，可以获得装扮、海报以及好感度奖励。,0,0,0,,,0
2103,维尔德MkⅡ-夜幕危机,2,6,50000,114,2103,32103,gift_bundle_znq_Welrod,可解锁人形换装,在宿舍内赠送给对应人形，可以获得装扮、海报以及好感度奖励。,0,0,0,,,0
2104,Zas M21-白棋王后,2,6,50000,196,2104,32104,gift_bundle_znq_ZastavaM21,可解锁人形换装,在宿舍内赠送给对应人形，可以获得装扮、海报以及好感度奖励。,0,0,0,,,0
2105,柯尔特左轮-奇迹女王,2,6,50000,1,2105,32105,gift_bundle_znq_M1873,可解锁人形换装,在宿舍内赠送给对应人形，可以获得装扮、海报以及好感度奖励。,0,0,0,,,0
2106,UMP9-世界之歌,2,6,50000,101,2106,32106,gift_bundle_znq_UMP9,可解锁人形换装,在宿舍内赠送给对应人形，可以获得装扮、海报以及好感度奖励。,0,0,0,,,0
2107,UMP45-钻石之花,2,6,50000,103,2107,32107,gift_bundle_znq_UMP45,可解锁人形换装,在宿舍内赠送给对应人形，可以获得装扮、海报以及好感度奖励。,0,0,0,,,0
2108,IDW-箱中之猫,2,6,50000,93,2108,32108,gift_bundle_znq_IDW,可解锁人形换装,在宿舍内赠送给对应人形，可以获得装扮、海报以及好感度奖励。,0,0,0,,,0
2109,EVO 3-白夜星语,2,6,50000,131,2109,32109,gift_bundle_znq_EVO3,可解锁人形换装,在宿舍内赠送给对应人形，可以获得装扮、海报以及好感度奖励。,0,0,0,,,0
2201,卡尔卡诺M1891-勇敢的小卡诺,2,6,50000,197,2201,32201,gift_bundle_childrensday18_Carcano1891,可解锁人形换装,在宿舍内赠送给对应人形，可以获得装扮、海报以及好感度奖励。,0,0,0,,,0
2202,卡尔卡诺M91/38-匹诺曹小姐,2,6,50000,198,2202,32202,gift_bundle_childrensday18_Carcano1938,可解锁人形换装,在宿舍内赠送给对应人形，可以获得装扮、海报以及好感度奖励。,0,0,0,,,0
2203,FN-57-芬芬历险记,2,6,50000,142,2203,32203,gift_bundle_childrensday18_FN57,可解锁人形换装,在宿舍内赠送给对应人形，可以获得装扮、海报以及好感度奖励。,0,0,0,,,0
2204,PP-19-青蛙小公主,2,6,50000,136,2204,32204,gift_bundle_childrensday18_PP19,可解锁人形换装,在宿舍内赠送给对应人形，可以获得装扮、海报以及好感度奖励。,0,0,0,,,0
2205,C-MS-飞鹅旅行记,2,6,50000,213,2205,32205,gift_bundle_childrensday18_CBJMS,可解锁人形换装,在宿舍内赠送给对应人形，可以获得装扮、海报以及好感度奖励。,0,0,0,,,0
2206,雷电-莉诺尔的乌鸦,2,6,50000,202,2206,32206,gift_bundle_childrensday18_Thunder50,可解锁人形换装,在宿舍内赠送给对应人形，可以获得装扮、海报以及好感度奖励。,0,0,0,,,0
2301,NTW-20-贵族体验馆,2,6,50000,53,2301,32301,gift_bundle_jxnpr18_NTW20,可解锁人形换装,在宿舍内赠送给对应人形，可以获得装扮、海报以及好感度奖励。,0,0,0,,,0
2302,竞争者-百花侍从,2,6,50000,183,2302,32302,gift_bundle_jxnpr18_Contender,可解锁人形换装,在宿舍内赠送给对应人形，可以获得装扮、海报以及好感度奖励。,0,0,0,,,0
2303,M950A-家政试炼,2,6,50000,97,2303,32303,gift_bundle_jxnpr18_M950A,可解锁人形换装,在宿舍内赠送给对应人形，可以获得装扮、海报以及好感度奖励。,0,0,0,,,0
2304,G28-啤酒牧场,2,6,50000,146,2304,32304,gift_bundle_jxnpr18_G28,可解锁人形换装,在宿舍内赠送给对应人形，可以获得装扮、海报以及好感度奖励。,0,0,0,,,0
2305,猎豹M1-今日合约,2,6,50000,201,2305,32305,gift_bundle_jxnpr18_GepardM1,可解锁人形换装,在宿舍内赠送给对应人形，可以获得装扮、海报以及好感度奖励。,0,0,0,,,0
2401,G41-沙滩朋克2064,2,6,50000,62,2401,32401,gift_bundle_swimsuit18_G41,可解锁人形换装,在宿舍内赠送给对应人形，可以获得装扮、海报以及好感度奖励。,0,0,0,,,0
2402,AK-12-冰沙时代,2,6,50000,206,2402,32402,gift_bundle_swimsuit18_AK12,可解锁人形换装,在宿舍内赠送给对应人形，可以获得装扮、海报以及好感度奖励。,0,0,0,,,0
2403,AA-12-太阳永不升起,2,6,50000,163,2403,32403,gift_bundle_swimsuit18_AA12,可解锁人形换装,在宿舍内赠送给对应人形，可以获得装扮、海报以及好感度奖励。,0,0,0,,,0
2404,AN-94-潜水钟与人偶,2,6,50000,205,2404,32404,gift_bundle_swimsuit18_AN94,可解锁人形换装,在宿舍内赠送给对应人形，可以获得装扮、海报以及好感度奖励。,0,0,0,,,0
2405,MP7-糖果枪弹,2,6,50000,28,2405,32405,gift_bundle_swimsuit18_MP7,可解锁人形换装,在宿舍内赠送给对应人形，可以获得装扮、海报以及好感度奖励。,0,0,0,,,0
2406,FAL-FAL的夏天,2,6,50000,106,2406,32406,gift_bundle_swimsuit18_FNFAL,可解锁人形换装,在宿舍内赠送给对应人形，可以获得装扮、海报以及好感度奖励。,0,0,0,,,0
2407,G36-和G36的五十天,2,6,50000,64,2407,32407,gift_bundle_swimsuit18_G36,可解锁人形换装,在宿舍内赠送给对应人形，可以获得装扮、海报以及好感度奖励。,0,0,0,,,0
2408,SPAS-12-盛夏的果实,2,6,50000,162,2408,32408,gift_bundle_swimsuit18_SPAS12,可解锁人形换装,在宿舍内赠送给对应人形，可以获得装扮、海报以及好感度奖励。,0,0,0,,,0
2409,阿梅利-阿梅利的接球,2,6,50000,185,2409,32409,gift_bundle_swimsuit18_Ameli,可解锁人形换装,在宿舍内赠送给对应人形，可以获得装扮、海报以及好感度奖励。,0,0,0,,,0
2410,P38-魔女高徒,2,6,50000,9,2410,32410,gift_bundle_swimsuit18_P38,可解锁人形换装,在宿舍内赠送给对应人形，可以获得装扮、海报以及好感度奖励。,0,0,0,,,0
2501,MG5-黑疫骑士,2,6,50000,109,2501,32501,gift_bundle_rockroll18_MG5,可解锁人形换装,在宿舍内赠送给对应人形，可以获得装扮、海报以及好感度奖励。,0,0,0,,,0
2502,G11-朵拉贡 Jr.,2,6,50000,122,2502,32502,gift_bundle_rockroll18_G11,可解锁人形换装,在宿舍内赠送给对应人形，可以获得装扮、海报以及好感度奖励。,0,0,0,,,0
2503,M1887-猎魔法则,2,6,50000,151,2503,32503,gift_bundle_rockroll18_M1887,可解锁人形换装,在宿舍内赠送给对应人形，可以获得装扮、海报以及好感度奖励。,0,0,0,,,0
2504,80式-钢化蝴蝶,2,6,50000,199,2504,32504,gift_bundle_rockroll18_80type,可解锁人形换装,在宿舍内赠送给对应人形，可以获得装扮、海报以及好感度奖励。,0,0,0,,,0
2505,M1897-电子女巫,2,6,50000,152,2505,32505,gift_bundle_rockroll18_M1897,可解锁人形换装,在宿舍内赠送给对应人形，可以获得装扮、海报以及好感度奖励。,0,0,0,,,0
2601,S.A.T.8-南瓜串串,2,6,50000,188,2601,32601,gift_bundle_halloween18_SAT8,可解锁人形换装,在宿舍内赠送给对应人形，可以获得装扮、海报以及好感度奖励。,0,0,0,,,0
2602,TAC-50-精灵狙魔士,2,6,50000,222,2602,32602,gift_bundle_halloween18_TAC50,可解锁人形换装,在宿舍内赠送给对应人形，可以获得装扮、海报以及好感度奖励。,0,0,0,,,0
2603,MDR-幽灵陷阱,2,6,50000,215,2603,32603,gift_bundle_halloween18_MDR,可解锁人形换装,在宿舍内赠送给对应人形，可以获得装扮、海报以及好感度奖励。,0,0,0,,,0
2604,FAMAS-枪炮与边箱,2,6,50000,69,2604,32604,gift_bundle_halloween18_FAMAS,可解锁人形换装,在宿舍内赠送给对应人形，可以获得装扮、海报以及好感度奖励。,0,0,0,,,0
2605,布伦-杰克的三分相,2,6,50000,89,2605,32605,gift_bundle_halloween18_BrenMK,可解锁人形换装,在宿舍内赠送给对应人形，可以获得装扮、海报以及好感度奖励。,0,0,0,,,0
2606,F1-黑魔女学院,2,6,50000,178,2606,32606,gift_bundle_halloween18_F1,可解锁人形换装,在宿舍内赠送给对应人形，可以获得装扮、海报以及好感度奖励。,0,0,0,,,0
2701,HK21-击穿锁链的子弹,2,6,50000,208,2701,32701,gift_bundle_idol18_HK21,可解锁人形换装,在宿舍内赠送给对应人形，可以获得装扮、海报以及好感度奖励。,0,0,0,,,0
2702,JS05-离别之奏,2,6,50000,192,2702,32702,gift_bundle_idol18_JS-127,可解锁人形换装,在宿舍内赠送给对应人形，可以获得装扮、海报以及好感度奖励。,0,0,0,,,0
2703,PM-06-翱翔天空之法,2,6,50000,224,2703,32703,gift_bundle_idol18_PM06,可解锁人形换装,在宿舍内赠送给对应人形，可以获得装扮、海报以及好感度奖励。,0,0,0,,,0
2704,USAS-12-VRAIN Power,2,6,50000,189,2704,32704,gift_bundle_idol18_USAS12,可解锁人形换装,在宿舍内赠送给对应人形，可以获得装扮、海报以及好感度奖励。,0,0,0,,,0
2705,HK45-奇迹☆开始,2,6,50000,167,2705,32705,gift_bundle_idol18_HK45,可解锁人形换装,在宿舍内赠送给对应人形，可以获得装扮、海报以及好感度奖励。,0,0,0,,,0
2706,纳甘左轮-群星之绊,2,6,50000,5,2706,32706,gift_bundle_idol18_M1895,可解锁人形换装,在宿舍内赠送给对应人形，可以获得装扮、海报以及好感度奖励。,0,0,0,,,0
2801,Px4 风暴-圣诞晨间女王,2,6,50000,233,2801,32801,gift_bundle_Xmas18_Px4Storm,可解锁人形换装,在宿舍内赠送给对应人形，可以获得装扮、海报以及好感度奖励。,0,0,0,,,0
2802,P90-绯红涡轮,2,6,50000,245,2802,32802,gift_bundle_Xmas18_P90,可解锁人形换装,在宿舍内赠送给对应人形，可以获得装扮、海报以及好感度奖励。,0,0,0,,,0
2803,ART556-扫烟囱的小姑娘,2,6,50000,175,2803,32803,gift_bundle_Xmas18_ART556,可解锁人形换装,在宿舍内赠送给对应人形，可以获得装扮、海报以及好感度奖励。,0,0,0,,,0
2804,FP-6-恋爱卫星,2,6,50000,164,2804,32804,gift_bundle_Xmas18_FP6,可解锁人形换装,在宿舍内赠送给对应人形，可以获得装扮、海报以及好感度奖励。,0,0,0,,,0
2805,FN-57-蓝色的圣诞,2,6,50000,142,2805,32805,gift_bundle_Xmas18_FN57,可解锁人形换装,在宿舍内赠送给对应人形，可以获得装扮、海报以及好感度奖励。,0,0,0,,,0
2806,G36-每个孩子的圣诞梦,2,6,50000,64,2806,32806,gift_bundle_Xmas18_G36,可解锁人形换装,在宿舍内赠送给对应人形，可以获得装扮、海报以及好感度奖励。,0,0,0,,,0
2807,TMP-红耳朵猫TMP,2,6,50000,176,2807,32807,gift_bundle_Xmas18_TMP,可解锁人形换装,在宿舍内赠送给对应人形，可以获得装扮、海报以及好感度奖励。,0,0,0,,,0
2901,64式自-新年祈愿,2,6,50000,243,2901,32901,gift_bundle_newyear18_Type64-AR,可解锁人形换装,在宿舍内赠送给对应人形，可以获得装扮、海报以及好感度奖励。,0,0,0,,,0
2902,RFB-正月游戏大师,2,6,50000,172,2902,32902,gift_bundle_newyear18_RFB,可解锁人形换装,在宿舍内赠送给对应人形，可以获得装扮、海报以及好感度奖励。,0,0,0,,,0
2903,樱花-枪使巫女,2,6,50000,228,2903,32903,gift_bundle_newyear18_Type100,可解锁人形换装,在宿舍内赠送给对应人形，可以获得装扮、海报以及好感度奖励。,0,0,0,,,0
2904,卡尔卡诺M91/38-Insegui l'aquilone,2,6,50000,198,2904,32904,gift_bundle_newyear18_Carcano1938,可解锁人形换装,在宿舍内赠送给对应人形，可以获得装扮、海报以及好感度奖励。,0,0,0,,,0
2905,卡尔卡诺M1891-起始的钟声,2,6,50000,197,2905,32905,gift_bundle_newyear18_Carcano1891,可解锁人形换装,在宿舍内赠送给对应人形，可以获得装扮、海报以及好感度奖励。,0,0,0,,,0
2906,M1014-雪月花,2,6,50000,165,2906,32906,gift_bundle_newyear18_M1014,可解锁人形换装,在宿舍内赠送给对应人形，可以获得装扮、海报以及好感度奖励。,0,0,0,,,0
2907,AS Val-梦花火,2,6,50000,60,2907,32907,gift_bundle_newyear18_ASVAL,可解锁人形换装,在宿舍内赠送给对应人形，可以获得装扮、海报以及好感度奖励。,0,0,0,,,0
2908,62式-新年游园会,2,6,50000,249,2908,32908,gift_bundle_newyear18_Type62,可解锁人形换装,在宿舍内赠送给对应人形，可以获得装扮、海报以及好感度奖励。,0,0,0,,,0
3001,OTs-14-紫雨心,2,6,50000,119,3001,33001,gift_bundle_springfestival19_OTs14,可解锁人形换装,在宿舍内赠送给对应人形，可以获得装扮、海报以及好感度奖励。,0,0,0,,,0
3002,AK-74U-君影草,2,6,50000,59,3002,33002,gift_bundle_springfestival19_AK74U,可解锁人形换装,在宿舍内赠送给对应人形，可以获得装扮、海报以及好感度奖励。,0,0,0,,,0
3003,88式-朵幽兰,2,6,50000,238,3003,33003,gift_bundle_springfestival19_Type88,可解锁人形换装,在宿舍内赠送给对应人形，可以获得装扮、海报以及好感度奖励。,0,0,0,,,0
3004,IWS 2000-薄雪绒,2,6,50000,148,3004,33004,gift_bundle_springfestival19_IWS2000,可解锁人形换装,在宿舍内赠送给对应人形，可以获得装扮、海报以及好感度奖励。,0,0,0,,,0
3005,CZ75-金莲花,2,6,50000,166,3005,33005,gift_bundle_springfestival19_CZ75,可解锁人形换装,在宿舍内赠送给对应人形，可以获得装扮、海报以及好感度奖励。,0,0,0,,,0
3006,MP5-山苏子,2,6,50000,26,3006,33006,gift_bundle_springfestival19_MP5,可解锁人形换装,在宿舍内赠送给对应人形，可以获得装扮、海报以及好感度奖励。,0,0,0,,,0
3007,CZ52-琉璃唐,2,6,50000,210,3007,33007,gift_bundle_springfestival19_CZ52,可解锁人形换装,在宿舍内赠送给对应人形，可以获得装扮、海报以及好感度奖励。,0,0,0,,,0
3101,索米-幸福使命,2,6,50000,115,3101,33101,gift_bundle_wv19_KP31,可解锁人形换装,在宿舍内赠送给对应人形，可以获得装扮、海报以及好感度奖励。,0,0,0,,,0
3102,PKP-银白之星,2,6,50000,173,3102,33102,gift_bundle_wv19_PKP,可解锁人形换装,在宿舍内赠送给对应人形，可以获得装扮、海报以及好感度奖励。,0,0,0,,,0
3103,G36C-迈出步伐的你,2,6,50000,104,3103,33103,gift_bundle_wv19_G36C,可解锁人形换装,在宿舍内赠送给对应人形，可以获得装扮、海报以及好感度奖励。,0,0,0,,,0
3105,Mk23-传达到的心意,2,6,50000,99,3105,33105,gift_bundle_wv19_MK23,可解锁人形换装,在宿舍内赠送给对应人形，可以获得装扮、海报以及好感度奖励。,0,0,0,,,0
3106,T-5000-誓约变身,2,6,50000,184,3106,33106,gift_bundle_wv19_T5000,可解锁人形换装,在宿舍内赠送给对应人形，可以获得装扮、海报以及好感度奖励。,0,0,0,,,0
3107,猎豹M1-期待着的明天,2,6,50000,201,3107,33107,gift_bundle_wv19_GepardM1,可解锁人形换装,在宿舍内赠送给对应人形，可以获得装扮、海报以及好感度奖励。,0,0,0,,,0
3201,竞争者-龙狼子,2,6,50000,183,3201,33201,gift_bundle_hh19_Contender,可解锁人形换装,在宿舍内赠送给对应人形，可以获得装扮、海报以及好感度奖励。,0,0,0,,,0
3202,内格夫-黑石姬,2,6,50000,112,3202,33202,gift_bundle_hh19_NEGEV,可解锁人形换装,在宿舍内赠送给对应人形，可以获得装扮、海报以及好感度奖励。,0,0,0,,,0
3203,SPAS-12-哥布林猎手,2,6,50000,162,3203,33203,gift_bundle_hh19_SPAS12,可解锁人形换装,在宿舍内赠送给对应人形，可以获得装扮、海报以及好感度奖励。,0,0,0,,,0
3204,托卡列夫-格里芬的舞娘,2,6,50000,6,3204,33204,gift_bundle_hh19_TT33,可解锁人形换装,在宿舍内赠送给对应人形，可以获得装扮、海报以及好感度奖励。,0,0,0,,,0
3205,IDW-斗篷与猫耳,2,6,50000,93,3205,33205,gift_bundle_hh19_IDW,可解锁人形换装,在宿舍内赠送给对应人形，可以获得装扮、海报以及好感度奖励。,0,0,0,,,0
3301,K2-黎明之前,2,6,50000,194,3301,33301,gift_bundle_3znq19_K2,可解锁人形换装,在宿舍内赠送给对应人形，可以获得装扮、海报以及好感度奖励。,0,0,0,,,0
3302,AK-12-静寂苍蓝,2,6,50000,206,3302,33302,gift_bundle_3znq19_AK12,可解锁人形换装,在宿舍内赠送给对应人形，可以获得装扮、海报以及好感度奖励。,0,0,0,,,0
3303,AN-94-沉默嫣红,2,6,50000,205,3303,33303,gift_bundle_3znq19_AN94,可解锁人形换装,在宿舍内赠送给对应人形，可以获得装扮、海报以及好感度奖励。,0,0,0,,,0
3304,M99-白兔夏宴,2,6,50000,128,3304,33304,gift_bundle_3znq19_M99,可解锁人形换装,在宿舍内赠送给对应人形，可以获得装扮、海报以及好感度奖励。,0,0,0,,,0
3305,MDR-酒会观测者,2,6,50000,215,3305,33305,gift_bundle_3znq19_MDR,可解锁人形换装,在宿舍内赠送给对应人形，可以获得装扮、海报以及好感度奖励。,0,0,0,,,0
3306,79式-星夜狐步,2,6,50000,127,3306,33306,gift_bundle_3znq19_79type,可解锁人形换装,在宿舍内赠送给对应人形，可以获得装扮、海报以及好感度奖励。,0,0,0,,,0
3307,G28-月光与祖母绿,2,6,50000,146,3307,33307,gift_bundle_3znq19_G28,可解锁人形换装,在宿舍内赠送给对应人形，可以获得装扮、海报以及好感度奖励。,0,0,0,,,0
3308,K5-命运华尔兹,2,6,50000,212,3308,33308,gift_bundle_3znq19_K5,可解锁人形换装,在宿舍内赠送给对应人形，可以获得装扮、海报以及好感度奖励。,0,0,0,,,0
3309,雷电-黑天鹅的梦,2,6,50000,202,3309,33309,gift_bundle_3znq19_Thunder50,可解锁人形换装,在宿舍内赠送给对应人形，可以获得装扮、海报以及好感度奖励。,0,0,0,,,0
3401,HK416-黑猫的赠礼,2,6,50000,65,3401,33401,gift_bundle_etj19_HK416,可解锁人形换装,在宿舍内赠送给对应人形，可以获得装扮、海报以及好感度奖励。,0,0,0,,,0
3402,K11-小小科学家,2,6,50000,236,3402,33402,gift_bundle_etj19_K11,可解锁人形换装,在宿舍内赠送给对应人形，可以获得装扮、海报以及好感度奖励。,0,0,0,,,0
3403,UMP45-特工垂耳兔,2,6,50000,103,3403,33403,gift_bundle_etj19_UMP45,可解锁人形换装,在宿舍内赠送给对应人形，可以获得装扮、海报以及好感度奖励。,0,0,0,,,0
3404,UMP9-柴犬侦查员,2,6,50000,101,3404,33404,gift_bundle_etj19_UMP9,可解锁人形换装,在宿舍内赠送给对应人形，可以获得装扮、海报以及好感度奖励。,0,0,0,,,0
3405,KSVK-天使的画笔,2,6,50000,252,3405,33405,gift_bundle_etj19_KSVK,可解锁人形换装,在宿舍内赠送给对应人形，可以获得装扮、海报以及好感度奖励。,0,0,0,,,0
3406,OTs-44-超能少女猪,2,6,50000,145,3406,33406,gift_bundle_etj19_OC44,可解锁人形换装,在宿舍内赠送给对应人形，可以获得装扮、海报以及好感度奖励。,0,0,0,,,0
3501,R93-长假幸运星,2,6,50000,266,3501,33501,gift_bundle_summer19_R93,可解锁人形换装,在宿舍内赠送给对应人形，可以获得装扮、海报以及好感度奖励。,0,0,0,,,0
3502,刘易斯-防晒大作战,2,6,50000,253,3502,33502,gift_bundle_summer19_Lewis,可解锁人形换装,在宿舍内赠送给对应人形，可以获得装扮、海报以及好感度奖励。,0,0,0,,,0
3503,C-MS-进击的飞鱼,2,6,50000,213,3503,33503,gift_bundle_summer19_CBJMS,可解锁人形换装,在宿舍内赠送给对应人形，可以获得装扮、海报以及好感度奖励。,0,0,0,,,0
3504,88式-反溺水配件,2,6,50000,238,3504,33504,gift_bundle_summer19_Type88,可解锁人形换装,在宿舍内赠送给对应人形，可以获得装扮、海报以及好感度奖励。,0,0,0,,,0
3505,四式-海角四号,2,6,50000,270,3505,33505,gift_bundle_summer19_4type,可解锁人形换装,在宿舍内赠送给对应人形，可以获得装扮、海报以及好感度奖励。,0,0,0,,,0
3506,谢尔久科夫-黑鸦救生员,2,6,50000,113,3506,33506,gift_bundle_summer19_SPS,可解锁人形换装,在宿舍内赠送给对应人形，可以获得装扮、海报以及好感度奖励。,0,0,0,,,0
3507,Z-62-游泳课题,2,6,50000,116,3507,33507,gift_bundle_summer19_Z62,可解锁人形换装,在宿舍内赠送给对应人形，可以获得装扮、海报以及好感度奖励。,0,0,0,,,0
3601,ADS-水色青春,2,6,50000,214,3601,33601,gift_bundle_yukata19_ADS,可解锁人形换装,在宿舍内赠送给对应人形，可以获得装扮、海报以及好感度奖励。,0,0,0,,,0
3602,S.A.T.8-少女密话,2,6,50000,188,3602,33602,gift_bundle_yukata19_SAT8,可解锁人形换装,在宿舍内赠送给对应人形，可以获得装扮、海报以及好感度奖励。,0,0,0,,,0
3603,G36-月下祈愿,2,6,50000,64,3603,33603,gift_bundle_yukata19_G36,可解锁人形换装,在宿舍内赠送给对应人形，可以获得装扮、海报以及好感度奖励。,0,0,0,,,0
3604,M249 SAW-胧月夜,2,6,50000,79,3604,33604,gift_bundle_yukata19_M249SAW,可解锁人形换装,在宿舍内赠送给对应人形，可以获得装扮、海报以及好感度奖励。,0,0,0,,,0
3605,OTs-12-百花缭乱,2,6,50000,105,3605,33605,gift_bundle_yukata19_OTs12,可解锁人形换装,在宿舍内赠送给对应人形，可以获得装扮、海报以及好感度奖励。,0,0,0,,,0
3701,PA-15-高校心跳物语,2,6,50000,260,3701,33701,gift_bundle_dwxy19_PA15,可解锁人形换装,在宿舍内赠送给对应人形，可以获得装扮、海报以及好感度奖励。,0,0,0,,,0
3702,95式-纯白毕业祭,2,6,50000,129,3702,33702,gift_bundle_dwxy19_95type,可解锁人形换装,在宿舍内赠送给对应人形，可以获得装扮、海报以及好感度奖励。,0,0,0,,,0
3703,97式-迟到戏码,2,6,50000,130,3703,33703,gift_bundle_dwxy19_97type,可解锁人形换装,在宿舍内赠送给对应人形，可以获得装扮、海报以及好感度奖励。,0,0,0,,,0
3704,SR-3MP-特攻队长兔,2,6,50000,135,3704,33704,gift_bundle_dwxy19_SR3MP,可解锁人形换装,在宿舍内赠送给对应人形，可以获得装扮、海报以及好感度奖励。,0,0,0,,,0
3705,Mk23-宣告开学的猫之歌,2,6,50000,99,3705,33705,gift_bundle_dwxy19_Mk23,可解锁人形换装,在宿舍内赠送给对应人形，可以获得装扮、海报以及好感度奖励。,0,0,0,,,0
3706,M590-放课后的消遣,2,6,50000,155,3706,33706,gift_bundle_dwxy19_M590,可解锁人形换装,在宿舍内赠送给对应人形，可以获得装扮、海报以及好感度奖励。,0,0,0,,,0
3707,M500-课间白日梦,2,6,50000,154,3707,33707,gift_bundle_dwxy19_M500,可解锁人形换装,在宿舍内赠送给对应人形，可以获得装扮、海报以及好感度奖励。,0,0,0,,,0
3708,TMP-喵棱镜威力,2,6,50000,176,3708,33708,gift_bundle_dwxy19_TMP,可解锁人形换装,在宿舍内赠送给对应人形，可以获得装扮、海报以及好感度奖励。,0,0,0,,,0
3801,QBU-88-拦路劫糖！,2,6,50000,261,3801,33801,gift_bundle_Halloween19_QBU88,可解锁人形换装,在宿舍内赠送给对应人形，可以获得装扮、海报以及好感度奖励。,0,0,0,,,0
3802,G36C-灼眼的G36C,2,6,50000,104,3802,33802,gift_bundle_Halloween19_G36C,可解锁人形换装,在宿舍内赠送给对应人形，可以获得装扮、海报以及好感度奖励。,0,0,0,,,0
3803,M870-南瓜堡垒,2,6,50000,229,3803,33803,gift_bundle_Halloween19_M870P,可解锁人形换装,在宿舍内赠送给对应人形，可以获得装扮、海报以及好感度奖励。,0,0,0,,,0
3805,KSVK-月暗面漫步,2,6,50000,252,3805,33805,gift_bundle_Halloween19_KSVK,可解锁人形换装,在宿舍内赠送给对应人形，可以获得装扮、海报以及好感度奖励。,0,0,0,,,0
3806,MG3-满月请睁眼,2,6,50000,88,3806,33806,gift_bundle_Halloween19_MG3,可解锁人形换装,在宿舍内赠送给对应人形，可以获得装扮、海报以及好感度奖励。,0,0,0,,,0
3807,97式霰-奇谋妙策九七计,2,6,50000,161,3807,33807,gift_bundle_Halloween19_97typeS,可解锁人形换装,在宿舍内赠送给对应人形，可以获得装扮、海报以及好感度奖励。,0,0,0,,,0
3808,PSG-1-魅影突击,2,6,50000,117,3808,33808,gift_bundle_Halloween19_PSG1,可解锁人形换装,在宿舍内赠送给对应人形，可以获得装扮、海报以及好感度奖励。,0,0,0,,,0
3809,Model L-暗夜炼狱刹,2,6,50000,223,3809,33809,gift_bundle_Halloween19_CETME556,可解锁人形换装,在宿舍内赠送给对应人形，可以获得装扮、海报以及好感度奖励。,0,0,0,,,0
3901,塞伽12型-茜红领航,2,6,50000,160,3901,33901,gift_bundle_racing19_Saiga12,可解锁人形换装,在宿舍内赠送给对应人形，可以获得装扮、海报以及好感度奖励。,0,0,0,,,0
3902,P22-跃动冲刺,2,6,50000,242,3902,33902,gift_bundle_racing19_P22,可解锁人形换装,在宿舍内赠送给对应人形，可以获得装扮、海报以及好感度奖励。,0,0,0,,,0
3903,UKM-2000-急速风流,2,6,50000,254,3903,33903,gift_bundle_racing19_UKM2000,可解锁人形换装,在宿舍内赠送给对应人形，可以获得装扮、海报以及好感度奖励。,0,0,0,,,0
3904,M2HB-热砂声援,2,6,50000,77,3904,33904,gift_bundle_racing19_M2HB,可解锁人形换装,在宿舍内赠送给对应人形，可以获得装扮、海报以及好感度奖励。,0,0,0,,,0
3905,PPK-烈旋音波,2,6,50000,10,3905,33905,gift_bundle_racing19_PPK,可解锁人形换装,在宿舍内赠送给对应人形，可以获得装扮、海报以及好感度奖励。,0,0,0,,,0
4001,刘易斯-圣夜约定,2,6,50000,253,4001,34001,gift_bundle_Xms19_Lewis,可解锁人形换装,在宿舍内赠送给对应人形，可以获得装扮、海报以及好感度奖励。,0,0,0,,,0
4002,HK21-银狐的⅑月台,2,6,50000,208,4002,34002,gift_bundle_Xms19_HK21,可解锁人形换装,在宿舍内赠送给对应人形，可以获得装扮、海报以及好感度奖励。,0,0,0,,,0
4003,CAWS-120份冬日礼物,2,6,50000,281,4003,34003,gift_bundle_Xms19_HKCAWS,可解锁人形换装,在宿舍内赠送给对应人形，可以获得装扮、海报以及好感度奖励。,0,0,0,,,0
4004,樱花-埋入心底的宝藏,2,6,50000,228,4004,34004,gift_bundle_Xms19_Type100,可解锁人形换装,在宿舍内赠送给对应人形，可以获得装扮、海报以及好感度奖励。,0,0,0,,,0
4005,蜜獾-圣诞公主和不笑贝特,2,6,50000,203,4005,34005,gift_bundle_Xms19_PDW,可解锁人形换装,在宿舍内赠送给对应人形，可以获得装扮、海报以及好感度奖励。,0,0,0,,,0
4006,猎豹M1-无垢庇护者,2,6,50000,201,4006,34006,gift_bundle_Xms19_GepardM1,可解锁人形换装,在宿舍内赠送给对应人形，可以获得装扮、海报以及好感度奖励。,0,0,0,,,0
4007,LWMMG-12月是我的谎言,2,6,50000,81,4007,34007,gift_bundle_Xms19_LWMMG,可解锁人形换装,在宿舍内赠送给对应人形，可以获得装扮、海报以及好感度奖励。,0,0,0,,,0
4101,SR-3MP-神子上上签,2,6,50000,135,4101,34101,gift_bundle_zy2020_SR3MP,可解锁人形换装,在宿舍内赠送给对应人形，可以获得装扮、海报以及好感度奖励。,0,0,0,,,0
4102,G11-福鼠懒春,2,6,50000,122,4102,34102,gift_bundle_zy2020_G11,可解锁人形换装,在宿舍内赠送给对应人形，可以获得装扮、海报以及好感度奖励。,0,0,0,,,0
4103,四式-花拍子,2,6,50000,270,4103,34103,gift_bundle_zy2020_4type,可解锁人形换装,在宿舍内赠送给对应人形，可以获得装扮、海报以及好感度奖励。,0,0,0,,,0
4104,9A-91-蕊梦矢,2,6,50000,118,4104,34104,gift_bundle_zy2020_9A91,可解锁人形换装,在宿舍内赠送给对应人形，可以获得装扮、海报以及好感度奖励。,0,0,0,,,0
4105,MG3-贺岁狮舞,2,6,50000,88,4105,34105,gift_bundle_zy2020_MG3,可解锁人形换装,在宿舍内赠送给对应人形，可以获得装扮、海报以及好感度奖励。,0,0,0,,,0
4106,M1A1-红梅照雪,2,6,50000,35,4106,34106,gift_bundle_zy2020_M1A1,可解锁人形换装,在宿舍内赠送给对应人形，可以获得装扮、海报以及好感度奖励。,0,0,0,,,0
4107,隼-伴君侧,2,6,50000,256,4107,34107,gift_bundle_zy2020_Falcon,可解锁人形换装,在宿舍内赠送给对应人形，可以获得装扮、海报以及好感度奖励。,0,0,0,,,0
4201,DP-12-花月夜行灯,2,6,50000,282,4201,34201,gift_bundle_spring2020_DP12,可解锁人形换装,在宿舍内赠送给对应人形，可以获得装扮、海报以及好感度奖励。,0,0,0,,,0
4202,PA-15-翠雀媚,2,6,50000,260,4202,34202,gift_bundle_spring2020_PA15,可解锁人形换装,在宿舍内赠送给对应人形，可以获得装扮、海报以及好感度奖励。,0,0,0,,,0
4203,PKP-青竹矜,2,6,50000,173,4203,34203,gift_bundle_spring2020_PKP,可解锁人形换装,在宿舍内赠送给对应人形，可以获得装扮、海报以及好感度奖励。,0,0,0,,,0
4204,JS 9-棣棠卿,2,6,50000,234,4204,34204,gift_bundle_spring2020_JS9mm,可解锁人形换装,在宿舍内赠送给对应人形，可以获得装扮、海报以及好感度奖励。,0,0,0,,,0
4205,MG36-悬铃绯,2,6,50000,263,4205,34205,gift_bundle_spring2020_MG36,可解锁人形换装,在宿舍内赠送给对应人形，可以获得装扮、海报以及好感度奖励。,0,0,0,,,0
4206,T91-珠梅雪,2,6,50000,181,4206,34206,gift_bundle_spring2020_T91,可解锁人形换装,在宿舍内赠送给对应人形，可以获得装扮、海报以及好感度奖励。,0,0,0,,,0
4207,SPP-1-蓝莲夜,2,6,50000,98,4207,34207,gift_bundle_spring2020_SPP1,可解锁人形换装,在宿舍内赠送给对应人形，可以获得装扮、海报以及好感度奖励。,0,0,0,,,0
4208,M1895 CB-杓兰雅,2,6,50000,275,4208,34208,gift_bundle_spring2020_M1895MG,可解锁人形换装,在宿舍内赠送给对应人形，可以获得装扮、海报以及好感度奖励。,0,0,0,,,0
4209,EM-2-丁香意,2,6,50000,262,4209,34209,gift_bundle_spring2020_EM2,可解锁人形换装,在宿舍内赠送给对应人形，可以获得装扮、海报以及好感度奖励。,0,0,0,,,0
4210,MG34-碧桃仙,2,6,50000,87,4210,34210,gift_bundle_spring2020_MG34,可解锁人形换装,在宿舍内赠送给对应人形，可以获得装扮、海报以及好感度奖励。,0,0,0,,,0
4301,Kar98k-手心的朱砂痣,2,6,50000,46,4301,34301,gift_bundle_WhiteV2020_98K,可解锁人形换装,在宿舍内赠送给对应人形，可以获得装扮、海报以及好感度奖励。,0,0,0,,,0
4302,M950A-柳莺与蔷薇,2,6,50000,97,4302,34302,gift_bundle_WhiteV2020_M950A,可解锁人形换装,在宿舍内赠送给对应人形，可以获得装扮、海报以及好感度奖励。,0,0,0,,,0
4303,灰熊MkⅤ-星夜落雨之时,2,6,50000,96,4303,34303,gift_bundle_WhiteV2020_Grizzly,可解锁人形换装,在宿舍内赠送给对应人形，可以获得装扮、海报以及好感度奖励。,0,0,0,,,0
4304,Zas M21-花之后的情愫,2,6,50000,196,4304,34304,gift_bundle_WhiteV2020_ZastavaM21,可解锁人形换装,在宿舍内赠送给对应人形，可以获得装扮、海报以及好感度奖励。,0,0,0,,,0
4305,M1014-天使像前的心跳,2,6,50000,165,4305,34305,gift_bundle_WhiteV2020_M1014,可解锁人形换装,在宿舍内赠送给对应人形，可以获得装扮、海报以及好感度奖励。,0,0,0,,,0
4306,斯捷奇金-山茶小姐的特别服务,2,6,50000,7,4306,34306,gift_bundle_WhiteV2020_APS,可解锁人形换装,在宿舍内赠送给对应人形，可以获得装扮、海报以及好感度奖励。,0,0,0,,,0
4308,FNC-草莓蛋糕与波斯花,2,6,50000,70,4308,34308,gift_bundle_WhiteV2020_FNFNC,可解锁人形换装,在宿舍内赠送给对应人形，可以获得装扮、海报以及好感度奖励。,0,0,0,,,0
4309,RMB-93-触不到的月光情人,2,6,50000,159,4309,34309,gift_bundle_WhiteV2020_RMB93,可解锁人形换装,在宿舍内赠送给对应人形，可以获得装扮、海报以及好感度奖励。,0,0,0,,,0
4310,马卡洛夫-某不科学的向日葵,2,6,50000,8,4310,34310,gift_bundle_WhiteV2020_PM,可解锁人形换装,在宿舍内赠送给对应人形，可以获得装扮、海报以及好感度奖励。,0,0,0,,,0
4401,AA-12-无烟棒棒糖,2,6,50000,163,4401,34401,gift_bundle_Pajamas2020_AA12,可解锁人形换装,在宿舍内赠送给对应人形，可以获得装扮、海报以及好感度奖励。,0,0,0,,,0
4402,PA-15-奇妙山药饼,2,6,50000,260,4402,34402,gift_bundle_Pajamas2020_PA15,可解锁人形换装,在宿舍内赠送给对应人形，可以获得装扮、海报以及好感度奖励。,0,0,0,,,0
4403,A-91-可燃乌龙茶,2,6,50000,227,4403,34403,gift_bundle_Pajamas2020_A91,可解锁人形换装,在宿舍内赠送给对应人形，可以获得装扮、海报以及好感度奖励。,0,0,0,,,0
4404,P30-恶魔指环糖,2,6,50000,269,4404,34404,gift_bundle_Pajamas2020_P30,可解锁人形换装,在宿舍内赠送给对应人形，可以获得装扮、海报以及好感度奖励。,0,0,0,,,0
4405,PP-19-01-碳酸跳跳糖,2,6,50000,137,4405,34405,gift_bundle_Pajamas2020_PP1901,可解锁人形换装,在宿舍内赠送给对应人形，可以获得装扮、海报以及好感度奖励。,0,0,0,,,0
4406,NS2000-百味咖喱兔,2,6,50000,190,4406,34406,gift_bundle_Pajamas2020_NS2000,可解锁人形换装,在宿舍内赠送给对应人形，可以获得装扮、海报以及好感度奖励。,0,0,0,,,0
4501,OTs-14-晚宴的统治者,2,6,50000,119,4501,34501,gift_bundle_Anniversary2020_OTs14,可解锁人形换装,在宿舍内赠送给对应人形，可以获得装扮、海报以及好感度奖励。,0,0,0,,,0
4502,M200-战地的采访者,2,6,50000,257,4502,34502,gift_bundle_Anniversary2020_M200,可解锁人形换装,在宿舍内赠送给对应人形，可以获得装扮、海报以及好感度奖励。,0,0,0,,,0
4503,QBU-88-自然的探索者,2,6,50000,261,4503,34503,gift_bundle_Anniversary2020_QBU88,可解锁人形换装,在宿舍内赠送给对应人形，可以获得装扮、海报以及好感度奖励。,0,0,0,,,0
4504,RO635-规则的实行者,2,6,50000,143,4504,34504,gift_bundle_Anniversary2020_RO635,可解锁人形换装,在宿舍内赠送给对应人形，可以获得装扮、海报以及好感度奖励。,0,0,0,,,0
4505,M4A1-时光的定格者,2,6,50000,55,4505,34505,gift_bundle_Anniversary2020_M4A1,可解锁人形换装,在宿舍内赠送给对应人形，可以获得装扮、海报以及好感度奖励。,0,0,0,,,0
4506,M16A1-道路的指引者,2,6,50000,54,4506,34506,gift_bundle_Anniversary2020_M16A1,可解锁人形换装,在宿舍内赠送给对应人形，可以获得装扮、海报以及好感度奖励。,0,0,0,,,0
4507,M4 SOPMODII-酒席的扫荡者,2,6,50000,56,4507,34507,gift_bundle_Anniversary2020_M4 SOPMOD II,可解锁人形换装,在宿舍内赠送给对应人形，可以获得装扮、海报以及好感度奖励。,0,0,0,,,0
4508,ST AR-15-梦境的囚困者,2,6,50000,57,4508,34508,gift_bundle_Anniversary2020_AR15,可解锁人形换装,在宿舍内赠送给对应人形，可以获得装扮、海报以及好感度奖励。,0,0,0,,,0
4509,KSVK-楚门的旅行者,2,6,50000,252,4509,34509,gift_bundle_Anniversary2020_KSVK,可解锁人形换装,在宿舍内赠送给对应人形，可以获得装扮、海报以及好感度奖励。,0,0,0,,,0
4510,塞伽12型-晨昏的裁定者,2,6,50000,160,4510,34510,gift_bundle_Anniversary2020_Saiga12,可解锁人形换装,在宿舍内赠送给对应人形，可以获得装扮、海报以及好感度奖励。,0,0,0,,,0
4511,Zas M76-黑夜的舞蹈者,2,6,50000,284,4511,34511,gift_bundle_Anniversary2020_ZasM76,可解锁人形换装,在宿舍内赠送给对应人形，可以获得装扮、海报以及好感度奖励。,0,0,0,,,0
4514,M1911-天空的击破者,2,6,50000,2,4514,34514,gift_bundle_Anniversary2020_M1911,可解锁人形换装,在宿舍内赠送给对应人形，可以获得装扮、海报以及好感度奖励。,0,0,0,,,0
4601,AK-阿尔法-星夜捕猫人,2,6,50000,306,4601,34601,gift_bundle_Children2020_AKAlfa,可解锁人形换装,在宿舍内赠送给对应人形，可以获得装扮、海报以及好感度奖励。,0,0,0,,,0
4602,HP-35-小小乘风人,2,6,50000,303,4602,34602,gift_bundle_Children2020_BrowningHP,可解锁人形换装,在宿舍内赠送给对应人形，可以获得装扮、海报以及好感度奖励。,0,0,0,,,0
4603,X95-白蔷薇少女,2,6,50000,251,4603,34603,gift_bundle_Children2020_X95,可解锁人形换装,在宿舍内赠送给对应人形，可以获得装扮、海报以及好感度奖励。,0,0,0,,,0
4604,FAMAS-鸟与森语者,2,6,50000,69,4604,34604,gift_bundle_Children2020_FAMAS,可解锁人形换装,在宿舍内赠送给对应人形，可以获得装扮、海报以及好感度奖励。,0,0,0,,,0
4605,T-5000-赤红破坏者,2,6,50000,184,4605,34605,gift_bundle_Children2020_T5000,可解锁人形换装,在宿舍内赠送给对应人形，可以获得装扮、海报以及好感度奖励。,0,0,0,,,0
4606,TMP-黑猫幼稚园,2,6,50000,176,4606,34606,gift_bundle_Children2020_TMP,可解锁人形换装,在宿舍内赠送给对应人形，可以获得装扮、海报以及好感度奖励。,0,0,0,,,0
4607,EVO 3-EVO 3的早晨,2,6,50000,131,4607,34607,gift_bundle_Children2020_EVO3,可解锁人形换装,在宿舍内赠送给对应人形，可以获得装扮、海报以及好感度奖励。,0,0,0,,,0
4702,JS 9-逆戟之行,2,6,50000,234,4702,34702,gift_bundle_YZ2020_JS9mm,可解锁人形换装,在宿舍内赠送给对应人形，可以获得装扮、海报以及好感度奖励。,0,0,0,,,0
4703,ZB-26-旖梦之隅,2,6,50000,307,4703,34703,gift_bundle_YZ2020_ZB26,可解锁人形换装,在宿舍内赠送给对应人形，可以获得装扮、海报以及好感度奖励。,0,0,0,,,0
4704,SL8-怒涛之巅,2,6,50000,296,4704,34704,gift_bundle_YZ2020_SL8,可解锁人形换装,在宿舍内赠送给对应人形，可以获得装扮、海报以及好感度奖励。,0,0,0,,,0
4705,PP-19-冰冻之夏,2,6,50000,136,4705,34705,gift_bundle_YZ2020_PP19,可解锁人形换装,在宿舍内赠送给对应人形，可以获得装扮、海报以及好感度奖励。,0,0,0,,,0
4706,KAC-PDW-甜慕之心,2,6,50000,286,4706,34706,gift_bundle_YZ2020_KAC,可解锁人形换装,在宿舍内赠送给对应人形，可以获得装扮、海报以及好感度奖励。,0,0,0,,,0
4707,Ak 5-南国之风,2,6,50000,187,4707,34707,gift_bundle_YZ2020_Ak5,可解锁人形换装,在宿舍内赠送给对应人形，可以获得装扮、海报以及好感度奖励。,0,0,0,,,0
4708,阿斯特拉左轮-阿斯特拉的泳池漂流,2,6,50000,14,4708,34708,gift_bundle_YZ2020_357,可解锁人形换装,在宿舍内赠送给对应人形，可以获得装扮、海报以及好感度奖励。,0,0,0,,,0
4709,FN-49-伞中之梦,2,6,50000,51,4709,34709,gift_bundle_YZ2020_FN49,可解锁人形换装,在宿舍内赠送给对应人形，可以获得装扮、海报以及好感度奖励。,0,0,0,,,0
4801,NTW-20-黑铁之心,2,6,50000,53,4801,34801,gift_bundle_Armor2020_NTW20,可解锁人形换装,在宿舍内赠送给对应人形，可以获得装扮、海报以及好感度奖励。,0,0,0,,,0
4802,AUG-葬仪阵列,2,6,50000,73,4802,34802,gift_bundle_Armor2020_AUG,可解锁人形换装,在宿舍内赠送给对应人形，可以获得装扮、海报以及好感度奖励。,0,0,0,,,0
4803,莫辛-纳甘-白钢锐刃,2,6,50000,39,4803,34803,gift_bundle_Armor2020_M1891,可解锁人形换装,在宿舍内赠送给对应人形，可以获得装扮、海报以及好感度奖励。,0,0,0,,,0
4804,Mk48-硝烟号令,2,6,50000,121,4804,34804,gift_bundle_Armor2020_Mk48,可解锁人形换装,在宿舍内赠送给对应人形，可以获得装扮、海报以及好感度奖励。,0,0,0,,,0
4805,M1897-碧空巡逻人,2,6,50000,152,4805,34805,gift_bundle_Armor2020_M1897,可解锁人形换装,在宿舍内赠送给对应人形，可以获得装扮、海报以及好感度奖励。,0,0,0,,,0
4901,DP-12-三途川女将,2,6,50000,282,4901,34901,gift_bundle_Edo2020_DP12,可解锁人形换装,在宿舍内赠送给对应人形，可以获得装扮、海报以及好感度奖励。,0,0,0,,,0
4902,MG5-暗闇荼蘼,2,6,50000,109,4902,34902,gift_bundle_Edo2020_MG5,可解锁人形换装,在宿舍内赠送给对应人形，可以获得装扮、海报以及好感度奖励。,0,0,0,,,0
4903,MG36-竹影清兵卫,2,6,50000,263,4903,34903,gift_bundle_Edo2020_MG36,可解锁人形换装,在宿舍内赠送给对应人形，可以获得装扮、海报以及好感度奖励。,0,0,0,,,0
4904,R93-藤萝歌仙,2,6,50000,266,4904,34904,gift_bundle_Edo2020_R93,可解锁人形换装,在宿舍内赠送给对应人形，可以获得装扮、海报以及好感度奖励。,0,0,0,,,0
4905,樱花-玄衣神乐,2,6,50000,228,4905,34905,gift_bundle_Edo2020_Type100,可解锁人形换装,在宿舍内赠送给对应人形，可以获得装扮、海报以及好感度奖励。,0,0,0,,,0
4906,塔布克-食魂料理人,2,6,50000,305,4906,34906,gift_bundle_Edo2020_Tabuk,可解锁人形换装,在宿舍内赠送给对应人形，可以获得装扮、海报以及好感度奖励。,0,0,0,,,0
4907,wz.29-花鸟风月,2,6,50000,182,4907,34907,gift_bundle_Edo2020_wz29,可解锁人形换装,在宿舍内赠送给对应人形，可以获得装扮、海报以及好感度奖励。,0,0,0,,,0
4908,IDW-不倒猫侍,2,6,50000,93,4908,34908,gift_bundle_Edo2020_IDW,可解锁人形换装,在宿舍内赠送给对应人形，可以获得装扮、海报以及好感度奖励。,0,0,0,,,0
5101,刘氏步枪-垂枝梦狐影,2,6,50000,316,5101,35101,gift_bundle_Halloween2020_GeneralLiu,可解锁人形换装,在宿舍内赠送给对应人形，可以获得装扮、海报以及好感度奖励。,0,0,0,,,0
5102,Kord-死寂舞者,2,6,50000,276,5102,35102,gift_bundle_Halloween2020_Kord,可解锁人形换装,在宿舍内赠送给对应人形，可以获得装扮、海报以及好感度奖励。,0,0,0,,,0
5103,97式-魔女格莱特,2,6,50000,130,5103,35103,gift_bundle_Halloween2020_97type,可解锁人形换装,在宿舍内赠送给对应人形，可以获得装扮、海报以及好感度奖励。,0,0,0,,,0
5104,CF05-灯影魔翼,2,6,50000,295,5104,35104,gift_bundle_Halloween2020_06TypeSMG,可解锁人形换装,在宿舍内赠送给对应人形，可以获得装扮、海报以及好感度奖励。,0,0,0,,,0
5105,M82-非凡者学徒,2,6,50000,297,5105,35105,gift_bundle_Halloween2020_M82,可解锁人形换装,在宿舍内赠送给对应人形，可以获得装扮、海报以及好感度奖励。,0,0,0,,,0
5106,托卡列夫-甜夜盗贼,2,6,50000,6,5106,35106,gift_bundle_Halloween2020_TT33,可解锁人形换装,在宿舍内赠送给对应人形，可以获得装扮、海报以及好感度奖励。,0,0,0,,,0
5107,M21-魇域守门人,2,6,50000,38,5107,35107,gift_bundle_Halloween2020_M21,可解锁人形换装,在宿舍内赠送给对应人形，可以获得装扮、海报以及好感度奖励。,0,0,0,,,0
5201,G36C-红色贝雷帽,2,6,50000,104,5201,35201,gift_bundle_Agent2020_G36C,可解锁人形换装,在宿舍内赠送给对应人形，可以获得装扮、海报以及好感度奖励。,0,0,0,,,0
5202,SL8-赤月追猎者,2,6,50000,296,5202,35202,gift_bundle_Agent2020_SL8,可解锁人形换装,在宿舍内赠送给对应人形，可以获得装扮、海报以及好感度奖励。,0,0,0,,,0
5203,VHS-第八页守密人,2,6,50000,318,5203,35203,gift_bundle_Agent2020_VHS,可解锁人形换装,在宿舍内赠送给对应人形，可以获得装扮、海报以及好感度奖励。,0,0,0,,,0
5204,超级肖蒂-绝地战警SS,2,6,50000,156,5204,35204,gift_bundle_Agent2020_SuperShorty,可解锁人形换装,在宿舍内赠送给对应人形，可以获得装扮、海报以及好感度奖励。,0,0,0,,,0
5205,SAF-神秘行者SA,2,6,50000,304,5205,35205,gift_bundle_Agent2020_SAF,可解锁人形换装,在宿舍内赠送给对应人形，可以获得装扮、海报以及好感度奖励。,0,0,0,,,0
5206,TEC-9-窃听疑云,2,6,50000,244,5206,35206,gift_bundle_Agent2020_TEC9,可解锁人形换装,在宿舍内赠送给对应人形，可以获得装扮、海报以及好感度奖励。,0,0,0,,,0
5301,VSK-94-圣夜警探,2,6,50000,312,5301,35301,gift_bundle_Christmas2020_VSK,可解锁人形换装,在宿舍内赠送给对应人形，可以获得装扮、海报以及好感度奖励。,0,0,0,,,0
5302,R5-终幕双人舞,2,6,50000,289,5302,35302,gift_bundle_Christmas2020_R5RGP,可解锁人形换装,在宿舍内赠送给对应人形，可以获得装扮、海报以及好感度奖励。,0,0,0,,,0
5303,S-ACR-甜蜜许愿,2,6,50000,313,5303,35303,gift_bundle_Christmas2020_SACR,可解锁人形换装,在宿舍内赠送给对应人形，可以获得装扮、海报以及好感度奖励。,0,0,0,,,0
5304,HS2000-燃心铁皮人,2,6,50000,250,5304,35304,gift_bundle_Christmas2020_HS2000,可解锁人形换装,在宿舍内赠送给对应人形，可以获得装扮、海报以及好感度奖励。,0,0,0,,,0
5305,四式-朝暮仙子,2,6,50000,270,5305,35305,gift_bundle_Christmas2020_4type,可解锁人形换装,在宿舍内赠送给对应人形，可以获得装扮、海报以及好感度奖励。,0,0,0,,,0
5306,K5-拾愿者K德瑞拉,2,6,50000,212,5306,35306,gift_bundle_Christmas2020_K5,可解锁人形换装,在宿舍内赠送给对应人形，可以获得装扮、海报以及好感度奖励。,0,0,0,,,0
5307,PM1910-女王的高塔派对,2,6,50000,319,5307,35307,gift_bundle_Christmas2020_PM1910,可解锁人形换装,在宿舍内赠送给对应人形，可以获得装扮、海报以及好感度奖励。,0,0,0,,,0
5308,汉阳造88式-女仆团的狂飙午夜,2,6,50000,95,5308,35308,gift_bundle_Christmas2020_88type,可解锁人形换装,传说中的BABAYAGA//c 我亲眼看见用铅笔杀了三个人,0,0,0,,,0
5309,纳甘左轮-胭雪公主,2,6,50000,5,5309,35309,gift_bundle_Christmas2020_M1895,可解锁人形换装,在宿舍内赠送给对应人形，可以获得装扮、海报以及好感度奖励。,0,0,0,,,0
5401,ACR-蓝黎软香,2,6,50000,274,5401,35401,gift_bundle_NewYear2021_ACR,可解锁人形换装,在宿舍内赠送给对应人形，可以获得装扮、海报以及好感度奖励。,0,0,0,,,0
5402,塞伽12型-繁花访客,2,6,50000,160,5402,35402,gift_bundle_NewYear2021_Saiga12,可解锁人形换装,在宿舍内赠送给对应人形，可以获得装扮、海报以及好感度奖励。,0,0,0,,,0
5403,M950A-傲雪隽茶,2,6,50000,97,5403,35403,gift_bundle_NewYear2021_M950A,可解锁人形换装,在宿舍内赠送给对应人形，可以获得装扮、海报以及好感度奖励。,0,0,0,,,0
5404,希普卡-新诗谱写时,2,6,50000,150,5404,35404,gift_bundle_NewYear2021_Shipka,可解锁人形换装,在宿舍内赠送给对应人形，可以获得装扮、海报以及好感度奖励。,0,0,0,,,0
5405,UMP45-侘寂旅人,2,6,50000,103,5405,35405,gift_bundle_NewYear2021_UMP45,可解锁人形换装,在宿舍内赠送给对应人形，可以获得装扮、海报以及好感度奖励。,0,0,0,,,0
5406,UKM-2000-冬原宅急便,2,6,50000,254,5406,35406,gift_bundle_NewYear2021_UKM2000,可解锁人形换装,在宿舍内赠送给对应人形，可以获得装扮、海报以及好感度奖励。,0,0,0,,,0
5407,OBR-春报信使,2,6,50000,230,5407,35407,gift_bundle_NewYear2021_OBR,可解锁人形换装,在宿舍内赠送给对应人形，可以获得装扮、海报以及好感度奖励。,0,0,0,,,0
5408,EVO 3-红花头筹,2,6,50000,131,5408,35408,gift_bundle_NewYear2021_EVO3,可解锁人形换装,在宿舍内赠送给对应人形，可以获得装扮、海报以及好感度奖励。,0,0,0,,,0
5501,刘易斯-迎寒客,2,6,50000,253,5501,35501,gift_bundle_SpringFes2021_Lewis,可解锁人形换装,在宿舍内赠送给对应人形，可以获得装扮、海报以及好感度奖励。,0,0,0,,,0
5502,QBU-88-舞凌霄,2,6,50000,261,5502,35502,gift_bundle_SpringFes2021_QBU88,可解锁人形换装,在宿舍内赠送给对应人形，可以获得装扮、海报以及好感度奖励。,0,0,0,,,0
5503,AUG SMG-聚瑶芳,2,6,50000,315,5503,35503,gift_bundle_SpringFes2021_AUGPARA,可解锁人形换装,在宿舍内赠送给对应人形，可以获得装扮、海报以及好感度奖励。,0,0,0,,,0
5504,KSVK-挽玉环,2,6,50000,252,5504,35504,gift_bundle_SpringFes2021_KSVK,可解锁人形换装,在宿舍内赠送给对应人形，可以获得装扮、海报以及好感度奖励。,0,0,0,,,0
5505,防卫者-梦倒仙,2,6,50000,302,5505,35505,gift_bundle_SpringFes2021_ColtDefender,可解锁人形换装,在宿舍内赠送给对应人形，可以获得装扮、海报以及好感度奖励。,0,0,0,,,0
5506,SVD-待月丹,2,6,50000,43,5506,35506,gift_bundle_SpringFes2021_SVD,可解锁人形换装,在宿舍内赠送给对应人形，可以获得装扮、海报以及好感度奖励。,0,0,0,,,0
5507,92式-吻琼苞,2,6,50000,13,5507,35507,gift_bundle_SpringFes2021_92type,可解锁人形换装,在宿舍内赠送给对应人形，可以获得装扮、海报以及好感度奖励。,0,0,0,,,0
5508,56式半-扶绛梨,2,6,50000,49,5508,35508,gift_bundle_SpringFes2021_56typeR,可解锁人形换装,在宿舍内赠送给对应人形，可以获得装扮、海报以及好感度奖励。,0,0,0,,,0
5601,韦伯利-日落黄昏时,2,6,50000,294,5601,35601,gift_bundle_WhiteV2021_Webley,可解锁人形换装,在宿舍内赠送给对应人形，可以获得装扮、海报以及好感度奖励。,0,0,0,,,0
5602,OTs-14-天意佳人,2,6,50000,119,5602,35602,gift_bundle_WhiteV2021_OTs14,可解锁人形换装,在宿舍内赠送给对应人形，可以获得装扮、海报以及好感度奖励。,0,0,0,,,0
5603,ZB-26-第1000只纸鹤,2,6,50000,307,5603,35603,gift_bundle_WhiteV2021_ZB26,可解锁人形换装,在宿舍内赠送给对应人形，可以获得装扮、海报以及好感度奖励。,0,0,0,,,0
5604,95式-洋桔梗与她的季节,2,6,50000,129,5604,35604,gift_bundle_WhiteV2021_95type,可解锁人形换装,在宿舍内赠送给对应人形，可以获得装扮、海报以及好感度奖励。,0,0,0,,,0
5605,M37-和伊萨卡的漫长假日,2,6,50000,153,5605,35605,gift_bundle_WhiteV2021_Ithaca37,可解锁人形换装,在宿舍内赠送给对应人形，可以获得装扮、海报以及好感度奖励。,0,0,0,,,0
5606,XM8-玫瑰棋手的告白,2,6,50000,216,5606,35606,gift_bundle_WhiteV2021_XM8,可解锁人形换装,在宿舍内赠送给对应人形，可以获得装扮、海报以及好感度奖励。,0,0,0,,,0
5607,八一式马-鹿韭旅伴,2,6,50000,174,5607,35607,gift_bundle_WhiteV2021_81typeR,可解锁人形换装,在宿舍内赠送给对应人形，可以获得装扮、海报以及好感度奖励。,0,0,0,,,0
5608,64式-雀闻弦歌,2,6,50000,94,5608,35608,gift_bundle_WhiteV2021_64type,可解锁人形换装,在宿舍内赠送给对应人形，可以获得装扮、海报以及好感度奖励。,0,0,0,,,0
5701,P90-她来自比利时,2,6,50000,245,5701,35701,gift_bundle_Detective2021_P90,可解锁人形换装,在宿舍内赠送给对应人形，可以获得装扮、海报以及好感度奖励。,0,0,0,,,0
5702,64式自-一份不适合她的工作,2,6,50000,243,5702,35702,gift_bundle_Detective2021_Type64-AR,可解锁人形换装,在宿舍内赠送给对应人形，可以获得装扮、海报以及好感度奖励。,0,0,0,,,0
5703,汤姆森-无间般若,2,6,50000,16,5703,35703,gift_bundle_Detective2021_M1928A1,可解锁人形换装,在宿舍内赠送给对应人形，可以获得装扮、海报以及好感度奖励。,0,0,0,,,0
5704,蒙德拉贡M1908-宿命的修护者,2,6,50000,317,5704,35704,gift_bundle_Detective2021_MondragonM1908,可解锁人形换装,在宿舍内赠送给对应人形，可以获得装扮、海报以及好感度奖励。,0,0,0,,,0
5706,EM-2-银色子弹,2,6,50000,262,5706,35706,gift_bundle_Detective2021_EM2,可解锁人形换装,在宿舍内赠送给对应人形，可以获得装扮、海报以及好感度奖励。,0,0,0,,,0
5707,马盖尔-马盖尔小姐,2,6,50000,258,5707,35707,gift_bundle_Detective2021_Magal,可解锁人形换装,在宿舍内赠送给对应人形，可以获得装扮、海报以及好感度奖励。,0,0,0,,,0
5801,C-93-如蝶翩跹,2,6,50000,285,5801,35801,gift_bundle_Anniversary2021_C93,可解锁人形换装,在宿舍内赠送给对应人形，可以获得装扮、海报以及好感度奖励。,0,0,0,,,0
5802,PA-15-香槟怪盗,2,6,50000,260,5802,35802,gift_bundle_Anniversary2021_PA15,可解锁人形换装,在宿舍内赠送给对应人形，可以获得装扮、海报以及好感度奖励。,0,0,0,,,0
5803,M82A1-来自闇冥,2,6,50000,231,5803,35803,gift_bundle_Anniversary2021_M82A1,可解锁人形换装,在宿舍内赠送给对应人形，可以获得装扮、海报以及好感度奖励。,0,0,0,,,0
5804,VSK-94-银湾流转夜,2,6,50000,312,5804,35804,gift_bundle_Anniversary2021_VSK,可解锁人形换装,在宿舍内赠送给对应人形，可以获得装扮、海报以及好感度奖励。,0,0,0,,,0
5805,97式霰-花下踟躇醉,2,6,50000,161,5805,35805,gift_bundle_Anniversary2021_97typeS,可解锁人形换装,在宿舍内赠送给对应人形，可以获得装扮、海报以及好感度奖励。,0,0,0,,,0
5806,FX-05-她从雨中来,2,6,50000,330,5806,35806,gift_bundle_Anniversary2021_FX05,可解锁人形换装,在宿舍内赠送给对应人形，可以获得装扮、海报以及好感度奖励。,0,0,0,,,0
5807,CZ-805-金色回忆,2,6,50000,108,5807,35807,gift_bundle_Anniversary2021_CZ805,可解锁人形换装,在宿舍内赠送给对应人形，可以获得装扮、海报以及好感度奖励。,0,0,0,,,0
5808,PPSh-41-气球的彼端,2,6,50000,21,5808,35808,gift_bundle_Anniversary2021_PPsh41,可解锁人形换装,在宿舍内赠送给对应人形，可以获得装扮、海报以及好感度奖励。,0,0,0,,,0
5901,RPK-203-小小志愿者,2,6,50000,339,5901,35901,gift_bundle_Children2021_RPK203,可解锁人形换装,在宿舍内赠送给对应人形，可以获得装扮、海报以及好感度奖励。,0,0,0,,,0
5902,卢萨-后卫新星,2,6,50000,311,5902,35902,gift_bundle_Children2021_Lusa,可解锁人形换装,在宿舍内赠送给对应人形，可以获得装扮、海报以及好感度奖励。,0,0,0,,,0
5903,S-ACR-追风魔女,2,6,50000,313,5903,35903,gift_bundle_Children2021_SACR,可解锁人形换装,在宿舍内赠送给对应人形，可以获得装扮、海报以及好感度奖励。,0,0,0,,,0
5904,PKP-雨后冲锋队,2,6,50000,173,5904,35904,gift_bundle_Children2021_PKP,可解锁人形换装,在宿舍内赠送给对应人形，可以获得装扮、海报以及好感度奖励。,0,0,0,,,0
5905,CF05-火锅国国王,2,6,50000,295,5905,35905,gift_bundle_Children2021_06TypeSMG,可解锁人形换装,在宿舍内赠送给对应人形，可以获得装扮、海报以及好感度奖励。,0,0,0,,,0
5906,Ak 5-接引彩虹的花仙子,2,6,50000,187,5906,35906,gift_bundle_Children2021_Ak5,可解锁人形换装,在宿舍内赠送给对应人形，可以获得装扮、海报以及好感度奖励。,0,0,0,,,0
5907,M82-猫咪的合奏,2,6,50000,297,5907,35907,gift_bundle_Children2021_M82,可解锁人形换装,在宿舍内赠送给对应人形，可以获得装扮、海报以及好感度奖励。,0,0,0,,,0
5908,wz.29-甜蜜幻梦使,2,6,50000,182,5908,35908,gift_bundle_Children2021_wz29,可解锁人形换装,在宿舍内赠送给对应人形，可以获得装扮、海报以及好感度奖励。,0,0,0,,,0
6101,LTLX7000-夜潮的邀约,2,6,50000,323,6101,36101,gift_bundle_YZ2021_LTLX7000,可解锁人形换装,在宿舍内赠送给对应人形，可以获得装扮、海报以及好感度奖励。,0,0,0,,,0
6102,DP-12-熙光寓言,2,6,50000,282,6102,36102,gift_bundle_YZ2021_DP12,可解锁人形换装,在宿舍内赠送给对应人形，可以获得装扮、海报以及好感度奖励。,0,0,0,,,0
6103,Px4 风暴-临海准则,2,6,50000,233,6103,36103,gift_bundle_YZ2021_Px4Storm,可解锁人形换装,在宿舍内赠送给对应人形，可以获得装扮、海报以及好感度奖励。,0,0,0,,,0
6105,PPD-40-樱桃色珊瑚,2,6,50000,336,6105,36105,gift_bundle_YZ2021_PPD40,可解锁人形换装,在宿舍内赠送给对应人形，可以获得装扮、海报以及好感度奖励。,0,0,0,,,0
6106,UKM-2000-酸甜水物语,2,6,50000,254,6106,36106,gift_bundle_YZ2021_UKM2000,可解锁人形换装,在宿舍内赠送给对应人形，可以获得装扮、海报以及好感度奖励。,0,0,0,,,0
6107,V-PM5-飞翔海星,2,6,50000,325,6107,36107,gift_bundle_YZ2021_VPM5,可解锁人形换装,在宿舍内赠送给对应人形，可以获得装扮、海报以及好感度奖励。,0,0,0,,,0
6108,QSB-91-浮水薄荷茶,2,6,50000,322,6108,36108,gift_bundle_YZ2021_QSB91,可解锁人形换装,在宿舍内赠送给对应人形，可以获得装扮、海报以及好感度奖励。,0,0,0,,,0
6109,PPK-恋如树影,2,6,50000,10,6109,36109,gift_bundle_YZ2021_PPK,可解锁人形换装,在宿舍内赠送给对应人形，可以获得装扮、海报以及好感度奖励。,0,0,0,,,0
6201,PM-9-不败的金色龙卷,2,6,50000,259,6201,36201,gift_bundle_Fur2021_PM9,可解锁人形换装,在宿舍内赠送给对应人形，可以获得装扮、海报以及好感度奖励。,0,0,0,,,0
6202,德利尔-郊狼蓝调,2,6,50000,337,6202,36202,gift_bundle_Fur2021_Delisle,可解锁人形换装,在宿舍内赠送给对应人形，可以获得装扮、海报以及好感度奖励。,0,0,0,,,0
6203,Mk 12-食劫者的正义,2,6,50000,226,6203,36203,gift_bundle_Fur2021_Mk12,可解锁人形换装,在宿舍内赠送给对应人形，可以获得装扮、海报以及好感度奖励。,0,0,0,,,0
6204,9A-91-忠友同游,2,6,50000,118,6204,36204,gift_bundle_Fur2021_9A91,可解锁人形换装,在宿舍内赠送给对应人形，可以获得装扮、海报以及好感度奖励。,0,0,0,,,0
6205,托卡列夫-深巷的落雪,2,6,50000,6,6205,36205,gift_bundle_Fur2021_TT33,可解锁人形换装,在宿舍内赠送给对应人形，可以获得装扮、海报以及好感度奖励。,0,0,0,,,0
6206,塔布克-三只小猪来租房,2,6,50000,305,6206,36206,gift_bundle_Fur2021_Tabuk,可解锁人形换装,在宿舍内赠送给对应人形，可以获得装扮、海报以及好感度奖励。,0,0,0,,,0
6207,OTs-44-深郊遇白兔,2,6,50000,145,6207,36207,gift_bundle_Fur2021_OC44,可解锁人形换装,在宿舍内赠送给对应人形，可以获得装扮、海报以及好感度奖励。,0,0,0,,,0
6301,AUG SMG-溯溪踏秋时,2,6,50000,315,6301,36301,gift_bundle_Dating2021_AUGPARA,可解锁人形换装,在宿舍内赠送给对应人形，可以获得装扮、海报以及好感度奖励。,0,0,0,,,0
6302,SL8-在世界的一角等你,2,6,50000,296,6302,36302,gift_bundle_Dating2021_SL8,可解锁人形换装,在宿舍内赠送给对应人形，可以获得装扮、海报以及好感度奖励。,0,0,0,,,0
6303,SP9-星河中沉睡的梦,2,6,50000,341,6303,36303,gift_bundle_Dating2021_SP9,可解锁人形换装,在宿舍内赠送给对应人形，可以获得装扮、海报以及好感度奖励。,0,0,0,,,0
6304,蒙德拉贡M1908-残雨暝烟,2,6,50000,317,6304,36304,gift_bundle_Dating2021_MondragonM1908,可解锁人形换装,在宿舍内赠送给对应人形，可以获得装扮、海报以及好感度奖励。,0,0,0,,,0
6305,Rex-0-1-怦动三部曲,2,6,50000,310,6305,36305,gift_bundle_Dating2021_RexZero1,可解锁人形换装,在宿舍内赠送给对应人形，可以获得装扮、海报以及好感度奖励。,0,0,0,,,0
6306,Model L-向着碧空漾去,2,6,50000,223,6306,36306,gift_bundle_Dating2021_CETME556,可解锁人形换装,在宿舍内赠送给对应人形，可以获得装扮、海报以及好感度奖励。,0,0,0,,,0
6401,95式-素白濯清涟,2,6,50000,129,6401,36401,gift_bundle_Halloween2021_95type,可解锁人形换装,在宿舍内赠送给对应人形，可以获得装扮、海报以及好感度奖励。,0,0,0,,,0
6402,SVCh-猩红夜猎手,2,6,50000,329,6402,36402,gift_bundle_Halloween2021_SVCh,可解锁人形换装,在宿舍内赠送给对应人形，可以获得装扮、海报以及好感度奖励。,0,0,0,,,0
6403,C-MS-献给乔安娜,2,6,50000,213,6403,36403,gift_bundle_Halloween2021_CBJMS,可解锁人形换装,在宿舍内赠送给对应人形，可以获得装扮、海报以及好感度奖励。,0,0,0,,,0
6404,KAC-PDW-偷心魔不眠,2,6,50000,286,6404,36404,gift_bundle_Halloween2021_KAC,可解锁人形换装,在宿舍内赠送给对应人形，可以获得装扮、海报以及好感度奖励。,0,0,0,,,0
6405,MP-443-迷途引渡人,2,6,50000,220,6405,36405,gift_bundle_Halloween2021_MP443,可解锁人形换装,在宿舍内赠送给对应人形，可以获得装扮、海报以及好感度奖励。,0,0,0,,,0
6406,LWMMG-拼凑者的独白,2,6,50000,81,6406,36406,gift_bundle_Halloween2021_LWMMG,可解锁人形换装,在宿舍内赠送给对应人形，可以获得装扮、海报以及好感度奖励。,0,0,0,,,0
6501,沙漠之鹰-苍穹的迦楼罗,2,6,50000,272,6501,36501,gift_bundle_Meka2021_DesertEagle,可解锁人形换装,在宿舍内赠送给对应人形，可以获得装扮、海报以及好感度奖励。,0,0,0,,,0
6502,SIG MCX-真红陨星,2,6,50000,338,6502,36502,gift_bundle_Meka2021_SIGMCX,可解锁人形换装,在宿舍内赠送给对应人形，可以获得装扮、海报以及好感度奖励。,0,0,0,,,0
6503,汉阳造88式-纯白流星负愿而行,2,6,50000,95,6503,36503,gift_bundle_Meka2021_88type,可解锁人形换装,在宿舍内赠送给对应人形，可以获得装扮、海报以及好感度奖励。,0,0,0,,,0
6504,MG36-苍龙屹立09区之上,2,6,50000,263,6504,36504,gift_bundle_Meka2021_MG36,可解锁人形换装,在宿舍内赠送给对应人形，可以获得装扮、海报以及好感度奖励。,0,0,0,,,0
6505,HK416-子夜福音,2,6,50000,65,6505,36505,gift_bundle_Meka2021_HK416,可解锁人形换装,在宿舍内赠送给对应人形，可以获得装扮、海报以及好感度奖励。,0,0,0,,,0
6507,F1-荒漠的龙与诗,2,6,50000,178,6507,36507,gift_bundle_Meka2021_F1,可解锁人形换装,在宿舍内赠送给对应人形，可以获得装扮、海报以及好感度奖励。,0,0,0,,,0
6601,89式自-麋鹿宣言,2,6,50000,290,6601,36601,gift_bundle_Christmas2021_HowaType89,可解锁人形换装,在宿舍内赠送给对应人形，可以获得装扮、海报以及好感度奖励。,0,0,0,,,0
6603,蟒蛇-狩猎时刻,2,6,50000,4,6603,36603,gift_bundle_Christmas2021_Python,可解锁人形换装,在宿舍内赠送给对应人形，可以获得装扮、海报以及好感度奖励。,0,0,0,,,0
6604,VP1915-与帕罗莎同座,2,6,50000,333,6604,36604,gift_bundle_Christmas2021_VP1915,可解锁人形换装,在宿舍内赠送给对应人形，可以获得装扮、海报以及好感度奖励。,0,0,0,,,0
6605,CR-21-浪巅决骤,2,6,50000,288,6605,36605,gift_bundle_Christmas2021_CR21,可解锁人形换装,在宿舍内赠送给对应人形，可以获得装扮、海报以及好感度奖励。,0,0,0,,,0
6606,Cx4 风暴-泳池边的圣诞奇遇,2,6,50000,225,6606,36606,gift_bundle_Christmas2021_Cx4Storm,可解锁人形换装,在宿舍内赠送给对应人形，可以获得装扮、海报以及好感度奖励。,0,0,0,,,0
6607,SAF-暖冬速递员,2,6,50000,304,6607,36607,gift_bundle_Christmas2021_SAF,可解锁人形换装,在宿舍内赠送给对应人形，可以获得装扮、海报以及好感度奖励。,0,0,0,,,0
6608,FNC-圣夜精灵高高挂,2,6,50000,70,6608,36608,gift_bundle_Christmas2021_FNFNC,可解锁人形换装,在宿舍内赠送给对应人形，可以获得装扮、海报以及好感度奖励。,0,0,0,,,0
6701,维克托-携枝踏玉尘,2,6,50000,20,6701,36701,gift_bundle_NewYear2022_Vector,可解锁人形换装,在宿舍内赠送给对应人形，可以获得装扮、海报以及好感度奖励。,0,0,0,,,0
6702,LTLX7000-巫姬翩舞起,2,6,50000,323,6702,36702,gift_bundle_NewYear2022_LTLX7000,可解锁人形换装,在宿舍内赠送给对应人形，可以获得装扮、海报以及好感度奖励。,0,0,0,,,0
6703,卢萨-竹剑扫落雪,2,6,50000,311,6703,36703,gift_bundle_NewYear2022_Lusa,可解锁人形换装,在宿舍内赠送给对应人形，可以获得装扮、海报以及好感度奖励。,0,0,0,,,0
6704,UMP9-幽玄旅人,2,6,50000,101,6704,36704,gift_bundle_NewYear2022_UMP9,可解锁人形换装,在宿舍内赠送给对应人形，可以获得装扮、海报以及好感度奖励。,0,0,0,,,0
6705,AR-57-三友伴岁寒,2,6,50000,328,6705,36705,gift_bundle_NewYear2022_AR57,可解锁人形换装,在宿舍内赠送给对应人形，可以获得装扮、海报以及好感度奖励。,0,0,0,,,0
6706,V-PM5-初梦见飞羽,2,6,50000,325,6706,36706,gift_bundle_NewYear2022_VPM5,可解锁人形换装,在宿舍内赠送给对应人形，可以获得装扮、海报以及好感度奖励。,0,0,0,,,0
6707,M14-幼虎祈丰年,2,6,50000,37,6707,36707,gift_bundle_NewYear2022_M14,可解锁人形换装,在宿舍内赠送给对应人形，可以获得装扮、海报以及好感度奖励。,0,0,0,,,0
6801,SP9-寒兰傲,2,6,50000,341,6801,36801,gift_bundle_SpringFes2022_SP9,可解锁人形换装,在宿舍内赠送给对应人形，可以获得装扮、海报以及好感度奖励。,0,0,0,,,0
6802,蜂鸟-夕颜展,2,6,50000,331,6802,36802,gift_bundle_SpringFes2022_Kolibri,可解锁人形换装,在宿舍内赠送给对应人形，可以获得装扮、海报以及好感度奖励。,0,0,0,,,0
6803,A-545-醉茗咲,2,6,50000,356,6803,36803,gift_bundle_SpringFes2022_A545,可解锁人形换装,在宿舍内赠送给对应人形，可以获得装扮、海报以及好感度奖励。,0,0,0,,,0
6804,TKB-408-朱砂舞,2,6,50000,340,6804,36804,gift_bundle_SpringFes2022_TKB408,可解锁人形换装,在宿舍内赠送给对应人形，可以获得装扮、海报以及好感度奖励。,0,0,0,,,0
6805,HS.50-矶松叹,2,6,50000,348,6805,36805,gift_bundle_SpringFes2022_HS50,可解锁人形换装,在宿舍内赠送给对应人形，可以获得装扮、海报以及好感度奖励。,0,0,0,,,0
6806,MP7-天星落,2,6,50000,28,6806,36806,gift_bundle_SpringFes2022_MP7,可解锁人形换装,在宿舍内赠送给对应人形，可以获得装扮、海报以及好感度奖励。,0,0,0,,,0
6807,G36-玉瓯立,2,6,50000,64,6807,36807,gift_bundle_SpringFes2022_G36,可解锁人形换装,在宿舍内赠送给对应人形，可以获得装扮、海报以及好感度奖励。,0,0,0,,,0
6808,斯捷奇金-桃夭灼,2,6,50000,7,6808,36808,gift_bundle_SpringFes2022_APS,可解锁人形换装,在宿舍内赠送给对应人形，可以获得装扮、海报以及好感度奖励。,0,0,0,,,0
6809,FN-49-蜀锦羞,2,6,50000,51,6809,36809,gift_bundle_SpringFes2022_FN49,可解锁人形换装,在宿舍内赠送给对应人形，可以获得装扮、海报以及好感度奖励。,0,0,0,,,0
6901,刘易斯-紫鸢醉蝶,2,6,50000,253,6901,36901,gift_bundle_WhiteV2022_Lewis,可解锁人形换装,在宿舍内赠送给对应人形，可以获得装扮、海报以及好感度奖励。,0,0,0,,,0
6902,97式-风中祝祷,2,6,50000,130,6902,36902,gift_bundle_WhiteV2022_97type,可解锁人形换装,在宿舍内赠送给对应人形，可以获得装扮、海报以及好感度奖励。,0,0,0,,,0
6903,P22-幻想圆舞曲,2,6,50000,242,6903,36903,gift_bundle_WhiteV2022_P22,可解锁人形换装,在宿舍内赠送给对应人形，可以获得装扮、海报以及好感度奖励。,0,0,0,,,0
6904,79式-于尘埃间仰望,2,6,50000,127,6904,36904,gift_bundle_WhiteV2022_79type,可解锁人形换装,在宿舍内赠送给对应人形，可以获得装扮、海报以及好感度奖励。,0,0,0,,,0
6905,K5-维纳斯之阵,2,6,50000,212,6905,36905,gift_bundle_WhiteV2022_K5,可解锁人形换装,在宿舍内赠送给对应人形，可以获得装扮、海报以及好感度奖励。,0,0,0,,,0
6906,T77-彼岸星光,2,6,50000,218,6906,36906,gift_bundle_WhiteV2022_T77,可解锁人形换装,在宿舍内赠送给对应人形，可以获得装扮、海报以及好感度奖励。,0,0,0,,,0
6907,M1加兰德-冬柏来信,2,6,50000,34,6907,36907,gift_bundle_WhiteV2022_M1,可解锁人形换装,在宿舍内赠送给对应人形，可以获得装扮、海报以及好感度奖励。,0,0,0,,,0
6908,隼-晨露之歌,2,6,50000,256,6908,36908,gift_bundle_WhiteV2022_Falcon,可解锁人形换装,在宿舍内赠送给对应人形，可以获得装扮、海报以及好感度奖励。,0,0,0,,,0
6909,LWMMG-骑士与守护者,2,6,50000,81,6909,36909,gift_bundle_WhiteV2022_LWMMG,可解锁人形换装,在宿舍内赠送给对应人形，可以获得装扮、海报以及好感度奖励。,0,0,0,,,0
7001,CZ75-CZ75不加班,2,6,50000,166,7001,37001,gift_bundle_OfficeLady2022_CZ75,可解锁人形换装,在宿舍内赠送给对应人形，可以获得装扮、海报以及好感度奖励。,0,0,0,,,0
7002,FX-05-飞向云端,2,6,50000,330,7002,37002,gift_bundle_OfficeLady2022_FX05,可解锁人形换装,在宿舍内赠送给对应人形，可以获得装扮、海报以及好感度奖励。,0,0,0,,,0
7003,Rex-0-1-深夜暖茶,2,6,50000,310,7003,37003,gift_bundle_OfficeLady2022_RexZero1,可解锁人形换装,在宿舍内赠送给对应人形，可以获得装扮、海报以及好感度奖励。,0,0,0,,,0
7004,C14-新入职员,2,6,50000,308,7004,37004,gift_bundle_OfficeLady2022_C14,可解锁人形换装,在宿舍内赠送给对应人形，可以获得装扮、海报以及好感度奖励。,0,0,0,,,0
7101,ZB-26-暗蔷摇曳,2,6,50000,307,7101,37101,gift_bundle_Anniversary2022_ZB26,可解锁人形换装,在宿舍内赠送给对应人形，可以获得装扮、海报以及好感度奖励。,0,0,0,,,0
7102,樱花-蝶影绮谭,2,6,50000,228,7102,37102,gift_bundle_Anniversary2022_Type100,可解锁人形换装,在宿舍内赠送给对应人形，可以获得装扮、海报以及好感度奖励。,0,0,0,,,0
7103,芮诺-孤月之冠,2,6,50000,357,7103,37103,gift_bundle_Anniversary2022_Rhino,可解锁人形换装,在宿舍内赠送给对应人形，可以获得装扮、海报以及好感度奖励。,0,0,0,,,0
7104,防卫者-星尘帷幕,2,6,50000,302,7104,37104,gift_bundle_Anniversary2022_ColtDefender,可解锁人形换装,在宿舍内赠送给对应人形，可以获得装扮、海报以及好感度奖励。,0,0,0,,,0
7105,MP-443-碎金花信,2,6,50000,220,7105,37105,gift_bundle_Anniversary2022_MP443,可解锁人形换装,在宿舍内赠送给对应人形，可以获得装扮、海报以及好感度奖励。,0,0,0,,,0
7106,汉阳造88式-爱神降临夜,2,6,50000,95,7106,37106,gift_bundle_Anniversary2022_88type,可解锁人形换装,在宿舍内赠送给对应人形，可以获得装扮、海报以及好感度奖励。,0,0,0,,,0
7107,纳甘左轮-星云忌廉,2,6,50000,5,7107,37107,gift_bundle_Anniversary2022_M1895,可解锁人形换装,在宿舍内赠送给对应人形，可以获得装扮、海报以及好感度奖励。,0,0,0,,,0
7108,64式-啜风吟,2,6,50000,94,7108,37108,gift_bundle_Anniversary2022_64type,可解锁人形换装,在宿舍内赠送给对应人形，可以获得装扮、海报以及好感度奖励。,0,0,0,,,0
7201,VSK-94-骄阳般起舞,2,6,50000,312,7201,37201,gift_bundle_Children2022_VSK,可解锁人形换装,在宿舍内赠送给对应人形，可以获得装扮、海报以及好感度奖励。,0,0,0,,,0
7202,95式-春杪梦鸢人,2,6,50000,129,7202,37202,gift_bundle_Children2022_95type,可解锁人形换装,在宿舍内赠送给对应人形，可以获得装扮、海报以及好感度奖励。,0,0,0,,,0
7203,Px4 风暴-冬眠守梦者,2,6,50000,233,7203,37203,gift_bundle_Children2022_Px4Storm,可解锁人形换装,在宿舍内赠送给对应人形，可以获得装扮、海报以及好感度奖励。,0,0,0,,,0
7204,塔布克-训宠员日常,2,6,50000,305,7204,37204,gift_bundle_Children2022_Tabuk,可解锁人形换装,在宿舍内赠送给对应人形，可以获得装扮、海报以及好感度奖励。,0,0,0,,,0
7205,MG3-未来构想家,2,6,50000,88,7205,37205,gift_bundle_Children2022_MG3,可解锁人形换装,在宿舍内赠送给对应人形，可以获得装扮、海报以及好感度奖励。,0,0,0,,,0
7206,56式半-熊耳剪裁师,2,6,50000,49,7206,37206,gift_bundle_Children2022_56typeR,可解锁人形换装,在宿舍内赠送给对应人形，可以获得装扮、海报以及好感度奖励。,0,0,0,,,0
100001,波板糖,1,2,1000,0,0,0,gift_item_lollipop_N,无,在宿舍内在宿舍内赠送给对应人形，可以获得微量好感度。,0,0,0,21,,1001
100002,脆皮甜筒,1,3,3000,0,0,0,gift_item_icecream_R,无,在宿舍内在宿舍内赠送给对应人形，可以获得少量好感度。,0,0,0,21,,1002
100003,蛋奶草莓芝士,1,4,10000,0,0,0,gift_item_cake_SR,无,在宿舍内在宿舍内赠送给对应人形，可以获得1点好感度。,0,0,0,"21,19,11,2",,1003
100004,无法回头的命运,1,5,30000,0,0,0,gift_item_destiny,,在宿舍内在宿舍内赠送给对应人形，可以获得3点好感度。,0,0,0,2,,-1005
100005,Mulan Tea,1,5,30000,0,0,0,gift_item_mulantea,,在宿舍内在宿舍内赠送给对应人形，可以获得3点好感度。,0,0,0,2,,-1007
100006,幸福魔法,1,5,30000,0,0,0,gift_item_afternoonTea,,在宿舍内在宿舍内赠送给对应人形，可以获得3点好感度。,0,0,0,2,,-1009
100007,威士忌,1,5,30000,0,0,0,gift_item_whiskey,要是我们夺回城市，我会请你喝一杯的。抱歉，我的意思是‘当我们夺回城市后’,在宿舍内在宿舍内赠送给对应人形，可以获得3点好感度。,0,0,0,2,,-1011
100008,伊甸苹果,1,5,30000,0,0,0,gift_item_edenApple,,在宿舍内赠送给对应人形，可以获得3点好感度。,0,0,0,2,曾经是禁止采摘的苹果，被某位商业鬼才发现其中的价值后，迅速发展成了需要提前半年预订的热门苹果种类。,-1014
200001,作战报告书,3,6,0,0,0,0,battle_report,无,“外表看起来令人怀念的磁盘，当年只能容纳1.4Mb数据，幸好内部容量经过改进，不然一份报告书的量要用铲车来装了。”,0,3000,0,"24,16,6,2",,1004
200002,光明的诗歌,3,5,0,0,0,0,gift_item_brightsong,无,在宿舍内赠送给对应人形，可以获得10000点经验值。,0,10000,0,2,,-1006
200003,打折啤酒,3,5,0,0,0,0,gift_item_cheapbeer,无,在宿舍内赠送给对应人形，可以获得10000点经验值。,0,10000,0,2,,-1008
200004,训练靶纸,3,5,0,0,0,0,gift_item_targetPaper,无,在宿舍内赠送给对应人形，可以获得10000点经验值。,0,10000,0,2,,-1010
200005,坎德尔制剂,3,5,0,0,0,0,gift_item_preparations,在坎德尔医生的帮助下研发的新型制剂，能够显著提升身体抗性。,在宿舍内赠送给对应人形，可以获得10000点经验值。,0,10000,0,2,,-1012
200006,撒旦之泪,3,5,0,0,0,0,gift_item_tearsofSatan,,在宿舍内赠送给对应人形，可以获得10000点经验值。,0,10000,0,2,据说是撒旦大人进行魔导研究时产生的副产物，喝下去能够让恶魔变强。但因为使用体验过于糟糕，所以销量不佳沦为了强塞的赠品。,-1013
400001,突击成长存储碟,4,6,0,0,0,0,SangvisExp_RapidGrowthDisk,无,仅供融合势力人形使用的学习磁盘，内部记载了格里芬的战斗课程和思想品德课程。,0,3000,0,"19,20,22",,1005
